data,agente,ticker,acao,preco_entrada,stop,alvo,racio,confianca,razao,valor_aposta,comissao,slippage_pct
2026-09-15,momentum-simples,AAPL,COMPRA,330.18,320.0942,360.4374,3.0,0.55,preço 3.6% acima da média de 50 dias,1000.0,1.0,0.05
2026-09-15,controlo-sempre-compra,AAPL,COMPRA,330.18,320.0942,360.4374,3.0,0.5,controlo: compra sempre,1000.0,1.0,0.05
2026-09-15,controlo-moeda-ao-ar,AAPL,COMPRA,330.18,320.0942,360.4374,3.0,0.5,controlo: moeda ao ar,1000.0,1.0,0.05
2026-09-16,momentum-simples,AAPL,COMPRA,332.41,322.476,362.2121,3.0,0.55,preço 4.2% acima da média de 50 dias,1000.0,1.0,0.05
2026-09-16,controlo-sempre-compra,AAPL,COMPRA,332.41,322.476,362.2121,3.0,0.5,controlo: compra sempre,1000.0,1.0,0.05
2026-09-16,momentum-simples,MSFT,COMPRA,490.3,477.1278,529.8166,3.0,0.55,preço 6.7% acima da média de 50 dias,1000.0,1.0,0.05
2026-09-16,controlo-sempre-compra,MSFT,COMPRA,490.3,477.1278,529.8166,3.0,0.5,controlo: compra sempre,1000.0,1.0,0.05
2026-09-16,controlo-sempre-compra,GOOGL,COMPRA,342.87,332.8881,372.8158,3.0,0.5,controlo: compra sempre,1000.0,1.0,0.05
2026-09-16,controlo-moeda-ao-ar,GOOGL,COMPRA,342.87,332.8881,372.8158,3.0,0.5,controlo: moeda ao ar,1000.0,1.0,0.05
2026-09-16,controlo-sempre-compra,AMZN,COMPRA,245.96,237.5148,271.2956,3.0,0.5,controlo: compra sempre,1000.0,1.0,0.05
2026-09-16,momentum-simples,META,COMPRA,673.31,649.5872,744.4785,3.0,0.55,preço 11.3% acima da média de 50 dias,1000.0,1.0,0.05
2026-09-16,controlo-sempre-compra,META,COMPRA,673.31,649.5872,744.4785,3.0,0.5,controlo: compra sempre,1000.0,1.0,0.05
2026-09-16,controlo-moeda-ao-ar,META,COMPRA,673.31,649.5872,744.4785,3.0,0.5,controlo: moeda ao ar,1000.0,1.0,0.05
2026-09-16,controlo-sempre-compra,NVDA,COMPRA,213.9,201.6444,250.6669,3.0,0.5,controlo: compra sempre,1000.0,1.0,0.05
2026-09-16,momentum-simples,AMD,COMPRA,512.5,481.5846,605.2463,3.0,0.55,preço 3.5% acima da média de 50 dias,1000.0,1.0,0.05
2026-09-16,controlo-sempre-compra,AMD,COMPRA,512.5,481.5846,605.2463,3.0,0.5,controlo: compra sempre,1000.0,1.0,0.05
2026-09-16,momentum-simples,INTC,COMPRA,101.05,93.6722,123.1834,3.0,0.55,preço 4.0% acima da média de 50 dias,1000.0,1.0,0.05
2026-09-16,controlo-sempre-compra,INTC,COMPRA,101.05,93.6722,123.1834,3.0,0.5,controlo: compra sempre,1000.0,1.0,0.05
2026-09-16,controlo-moeda-ao-ar,INTC,COMPRA,101.05,93.6722,123.1834,3.0,0.5,controlo: moeda ao ar,1000.0,1.0,0.05
2026-09-16,momentum-simples,CRM,COMPRA,250.54,225.486,325.702,3.0,0.55,preço 22.9% acima da média de 50 dias,1000.0,1.0,0.05
2026-09-16,controlo-sempre-compra,CRM,COMPRA,250.54,225.486,325.702,3.0,0.5,controlo: compra sempre,1000.0,1.0,0.05
2026-09-16,momentum-simples,ORCL,COMPRA,143.16,134.3632,169.5504,3.0,0.55,preço 1.7% acima da média de 50 dias,1000.0,1.0,0.05
2026-09-16,controlo-sempre-compra,ORCL,COMPRA,143.16,134.3632,169.5504,3.0,0.5,controlo: compra sempre,1000.0,1.0,0.05
2026-09-16,controlo-sempre-compra,JPM,COMPRA,348.92,341.9485,369.8346,3.0,0.5,controlo: compra sempre,1000.0,1.0,0.05
2026-09-16,controlo-sempre-compra,BAC,COMPRA,57.9,56.0931,63.3206,3.0,0.5,controlo: compra sempre,1000.0,1.0,0.05
2026-09-16,controlo-moeda-ao-ar,BAC,COMPRA,57.9,56.0931,63.3206,3.0,0.5,controlo: moeda ao ar,1000.0,1.0,0.05
2026-09-16,controlo-sempre-compra,GS,COMPRA,937.98,900.7881,1049.5556,3.0,0.5,controlo: compra sempre,1000.0,1.0,0.05
2026-09-16,controlo-moeda-ao-ar,GS,COMPRA,937.98,900.7881,1049.5556,3.0,0.5,controlo: moeda ao ar,1000.0,1.0,0.05
2026-09-16,controlo-sempre-compra,MS,COMPRA,202.42,195.7533,222.4202,3.0,0.5,controlo: compra sempre,1000.0,1.0,0.05
2026-09-16,momentum-simples,V,COMPRA,370.93,362.0857,397.4629,3.0,0.55,preço 1.4% acima da média de 50 dias,1000.0,1.0,0.05
2026-09-16,controlo-sempre-compra,V,COMPRA,370.93,362.0857,397.4629,3.0,0.5,controlo: compra sempre,1000.0,1.0,0.05
2026-09-16,controlo-moeda-ao-ar,V,COMPRA,370.93,362.0857,397.4629,3.0,0.5,controlo: moeda ao ar,1000.0,1.0,0.05
2026-09-16,controlo-sempre-compra,MA,COMPRA,567.75,554.8209,606.5373,3.0,0.5,controlo: compra sempre,1000.0,1.0,0.05
2026-09-16,momentum-simples,JNJ,COMPRA,267.28,260.7884,286.7547,3.0,0.55,preço 2.0% acima da média de 50 dias,1000.0,1.0,0.05
2026-09-16,controlo-sempre-compra,JNJ,COMPRA,267.28,260.7884,286.7547,3.0,0.5,controlo: compra sempre,1000.0,1.0,0.05
2026-09-16,controlo-moeda-ao-ar,JNJ,COMPRA,267.28,260.7884,286.7547,3.0,0.5,controlo: moeda ao ar,1000.0,1.0,0.05
2026-09-16,momentum-simples,PFE,COMPRA,27.46,26.6875,29.7776,3.0,0.55,preço 4.1% acima da média de 50 dias,1000.0,1.0,0.05
2026-09-16,controlo-sempre-compra,PFE,COMPRA,27.46,26.6875,29.7776,3.0,0.5,controlo: compra sempre,1000.0,1.0,0.05
2026-09-16,controlo-sempre-compra,UNH,COMPRA,375.26,364.7374,406.8279,3.0,0.5,controlo: compra sempre,1000.0,1.0,0.05
2026-09-16,controlo-moeda-ao-ar,UNH,COMPRA,375.26,364.7374,406.8279,3.0,0.5,controlo: moeda ao ar,1000.0,1.0,0.05
2026-09-16,momentum-simples,ABBV,COMPRA,262.51,255.0423,284.913,3.0,0.55,preço 3.1% acima da média de 50 dias,1000.0,1.0,0.05
2026-09-16,controlo-sempre-compra,ABBV,COMPRA,262.51,255.0423,284.913,3.0,0.5,controlo: compra sempre,1000.0,1.0,0.05
2026-09-16,momentum-simples,MRK,COMPRA,144.91,135.3983,173.445,3.0,0.55,preço 6.4% acima da média de 50 dias,1000.0,1.0,0.05
2026-09-16,controlo-sempre-compra,MRK,COMPRA,144.91,135.3983,173.445,3.0,0.5,controlo: compra sempre,1000.0,1.0,0.05
2026-09-16,controlo-moeda-ao-ar,MRK,COMPRA,144.91,135.3983,173.445,3.0,0.5,controlo: moeda ao ar,1000.0,1.0,0.05
2026-09-16,controlo-sempre-compra,LLY,COMPRA,1137.8199,1099.3346,1253.2759,3.0,0.5,controlo: compra sempre,1000.0,1.0,0.05
2026-09-16,controlo-moeda-ao-ar,LLY,COMPRA,1137.8199,1099.3346,1253.2759,3.0,0.5,controlo: moeda ao ar,1000.0,1.0,0.05
2026-09-16,momentum-simples,XOM,COMPRA,163.32,157.93,179.4901,3.0,0.55,preço 4.5% acima da média de 50 dias,1000.0,1.0,0.05
2026-09-16,controlo-sempre-compra,XOM,COMPRA,163.32,157.93,179.4901,3.0,0.5,controlo: compra sempre,1000.0,1.0,0.05
2026-09-16,momentum-simples,CVX,COMPRA,211.54,205.6041,229.3478,3.0,0.55,preço 7.7% acima da média de 50 dias,1000.0,1.0,0.05
2026-09-16,controlo-sempre-compra,CVX,COMPRA,211.54,205.6041,229.3478,3.0,0.5,controlo: compra sempre,1000.0,1.0,0.05
2026-09-16,momentum-simples,COP,COMPRA,132.54,127.109,148.833,3.0,0.55,preço 6.7% acima da média de 50 dias,1000.0,1.0,0.05
2026-09-16,controlo-sempre-compra,COP,COMPRA,132.54,127.109,148.833,3.0,0.5,controlo: compra sempre,1000.0,1.0,0.05
2026-09-16,momentum-simples,KO,COMPRA,87.87,86.2667,92.68,3.0,0.55,preço 1.8% acima da média de 50 dias,1000.0,1.0,0.05
2026-09-16,controlo-sempre-compra,KO,COMPRA,87.87,86.2667,92.68,3.0,0.5,controlo: compra sempre,1000.0,1.0,0.05
2026-09-16,controlo-moeda-ao-ar,KO,COMPRA,87.87,86.2667,92.68,3.0,0.5,controlo: moeda ao ar,1000.0,1.0,0.05
2026-09-16,controlo-sempre-compra,PEP,COMPRA,134.34,131.9159,141.6124,3.0,0.5,controlo: compra sempre,1000.0,1.0,0.05
2026-09-16,controlo-sempre-compra,MCD,COMPRA,248.56,242.7309,266.0472,3.0,0.5,controlo: compra sempre,1000.0,1.0,0.05
2026-09-16,controlo-moeda-ao-ar,MCD,COMPRA,248.56,242.7309,266.0472,3.0,0.5,controlo: moeda ao ar,1000.0,1.0,0.05
2026-09-16,controlo-sempre-compra,NKE,COMPRA,35.78,34.5798,39.3805,3.0,0.5,controlo: compra sempre,1000.0,1.0,0.05
2026-09-16,controlo-sempre-compra,SBUX,COMPRA,97.34,94.5061,105.8417,3.0,0.5,controlo: compra sempre,1000.0,1.0,0.05
2026-09-16,controlo-moeda-ao-ar,SBUX,COMPRA,97.34,94.5061,105.8417,3.0,0.5,controlo: moeda ao ar,1000.0,1.0,0.05
2026-09-16,controlo-sempre-compra,WMT,COMPRA,107.5,102.2756,123.1731,3.0,0.5,controlo: compra sempre,1000.0,1.0,0.05
2026-09-16,controlo-sempre-compra,COST,COMPRA,893.74,870.9108,962.2277,3.0,0.5,controlo: compra sempre,1000.0,1.0,0.05
2026-09-16,controlo-sempre-compra,PG,COMPRA,147.02,144.2243,155.407,3.0,0.5,controlo: compra sempre,1000.0,1.0,0.05
2026-09-16,controlo-moeda-ao-ar,PG,COMPRA,147.02,144.2243,155.407,3.0,0.5,controlo: moeda ao ar,1000.0,1.0,0.05
2026-09-16,controlo-sempre-compra,BA,COMPRA,201.96,195.9125,220.1025,3.0,0.5,controlo: compra sempre,1000.0,1.0,0.05
2026-09-16,controlo-sempre-compra,CAT,COMPRA,782.72,755.9776,862.9473,3.0,0.5,controlo: compra sempre,1000.0,1.0,0.05
2026-09-16,controlo-moeda-ao-ar,CAT,COMPRA,782.72,755.9776,862.9473,3.0,0.5,controlo: moeda ao ar,1000.0,1.0,0.05
2026-09-16,controlo-sempre-compra,GE,COMPRA,312.9,300.1904,351.0287,3.0,0.5,controlo: compra sempre,1000.0,1.0,0.05
2026-09-16,momentum-simples,DIS,COMPRA,106.99,103.6912,116.8863,3.0,0.55,preço 4.5% acima da média de 50 dias,1000.0,1.0,0.05
2026-09-16,controlo-sempre-compra,DIS,COMPRA,106.99,103.6912,116.8863,3.0,0.5,controlo: compra sempre,1000.0,1.0,0.05
2026-09-16,momentum-simples,T,COMPRA,25.86,25.1105,28.1085,3.0,0.55,preço 6.9% acima da média de 50 dias,1000.0,1.0,0.05
2026-09-16,controlo-sempre-compra,T,COMPRA,25.86,25.1105,28.1085,3.0,0.5,controlo: compra sempre,1000.0,1.0,0.05
2026-09-16,controlo-moeda-ao-ar,T,COMPRA,25.86,25.1105,28.1085,3.0,0.5,controlo: moeda ao ar,1000.0,1.0,0.05
2026-09-16,momentum-simples,VZ,COMPRA,49.76,48.565,53.3451,3.0,0.55,preço 5.0% acima da média de 50 dias,1000.0,1.0,0.05
2026-09-16,controlo-sempre-compra,VZ,COMPRA,49.76,48.565,53.3451,3.0,0.5,controlo: compra sempre,1000.0,1.0,0.05
2026-09-16,controlo-moeda-ao-ar,VZ,COMPRA,49.76,48.565,53.3451,3.0,0.5,controlo: moeda ao ar,1000.0,1.0,0.05
2026-09-16,momentum-simples,TSLA,COMPRA,358.08,335.0072,427.2984,3.0,0.55,preço 1.8% acima da média de 50 dias,1000.0,1.0,0.05
2026-09-16,controlo-sempre-compra,TSLA,COMPRA,358.08,335.0072,427.2984,3.0,0.5,controlo: compra sempre,1000.0,1.0,0.05
2026-09-16,controlo-moeda-ao-ar,TSLA,COMPRA,358.08,335.0072,427.2984,3.0,0.5,controlo: moeda ao ar,1000.0,1.0,0.05
2026-09-17,controlo-moeda-ao-ar,MSFT,COMPRA,497.75,484.0413,538.8761,3.0,0.5,controlo: moeda ao ar,1000.0,1.0,0.05
2026-09-17,controlo-moeda-ao-ar,AMZN,COMPRA,251.19,242.6987,276.6639,3.0,0.5,controlo: moeda ao ar,1000.0,1.0,0.05
2026-09-17,momentum-simples,NVDA,COMPRA,219.34,206.5529,257.7013,3.0,0.55,preço 2.7% acima da média de 50 dias,1000.0,1.0,0.05
2026-09-17,controlo-moeda-ao-ar,NVDA,COMPRA,219.34,206.5529,257.7013,3.0,0.5,controlo: moeda ao ar,1000.0,1.0,0.05
2026-09-17,controlo-moeda-ao-ar,ORCL,COMPRA,150.59,140.7151,180.2148,3.0,0.5,controlo: moeda ao ar,1000.0,1.0,0.05
2026-09-17,controlo-moeda-ao-ar,MS,COMPRA,203.52,196.8701,223.4698,3.0,0.5,controlo: moeda ao ar,1000.0,1.0,0.05
2026-09-17,controlo-moeda-ao-ar,MA,COMPRA,565.73,552.8242,604.4474,3.0,0.5,controlo: moeda ao ar,1000.0,1.0,0.05
2026-09-17,controlo-moeda-ao-ar,PFE,COMPRA,27.64,27.0101,29.5296,3.0,0.5,controlo: moeda ao ar,1000.0,1.0,0.05
2026-09-17,controlo-moeda-ao-ar,COP,COMPRA,133.19,127.7377,149.5469,3.0,0.5,controlo: moeda ao ar,1000.0,1.0,0.05
2026-09-17,controlo-moeda-ao-ar,PEP,COMPRA,133.66,131.5606,139.9581,3.0,0.5,controlo: moeda ao ar,1000.0,1.0,0.05
2026-09-17,controlo-moeda-ao-ar,NKE,COMPRA,36.36,35.1912,39.8663,3.0,0.5,controlo: moeda ao ar,1000.0,1.0,0.05
2026-09-17,controlo-moeda-ao-ar,WMT,COMPRA,106.79,101.6025,122.3526,3.0,0.5,controlo: moeda ao ar,1000.0,1.0,0.05
2026-09-17,momentum-simples,PG,COMPRA,147.55,144.7624,155.9128,3.0,0.55,preço 1.1% acima da média de 50 dias,1000.0,1.0,0.05
2026-09-17,controlo-moeda-ao-ar,BA,COMPRA,197.0,190.8527,215.4418,3.0,0.5,controlo: moeda ao ar,1000.0,1.0,0.05
2026-09-17,momentum-simples,VZ,COMPRA,48.33,47.0569,52.1492,3.0,0.55,preço 1.7% acima da média de 50 dias,1000.0,1.0,0.05
2026-09-17,controlo-sempre-compra,VZ,COMPRA,48.33,47.0569,52.1492,3.0,0.5,controlo: compra sempre,1000.0,1.0,0.05
2026-09-17,controlo-moeda-ao-ar,VZ,COMPRA,48.33,47.0569,52.1492,3.0,0.5,controlo: moeda ao ar,1000.0,1.0,0.05
2026-09-18,momentum-simples,GOOGL,COMPRA,349.54,339.3271,380.1788,3.0,0.55,preço 1.2% acima da média de 50 dias,1000.0,1.0,0.05
2026-09-18,controlo-moeda-ao-ar,JPM,COMPRA,349.67,343.5666,367.9803,3.0,0.5,controlo: moeda ao ar,1000.0,1.0,0.05
2026-09-18,controlo-moeda-ao-ar,ABBV,COMPRA,263.96,257.4366,283.5302,3.0,0.5,controlo: moeda ao ar,1000.0,1.0,0.05
2026-09-18,controlo-moeda-ao-ar,XOM,COMPRA,163.54,158.1913,179.586,3.0,0.5,controlo: moeda ao ar,1000.0,1.0,0.05
2026-09-18,controlo-sempre-compra,PEP,COMPRA,129.75,127.1929,137.4212,3.0,0.5,controlo: compra sempre,1000.0,1.0,0.05
2026-09-18,controlo-moeda-ao-ar,PEP,COMPRA,129.75,127.1929,137.4212,3.0,0.5,controlo: moeda ao ar,1000.0,1.0,0.05
2026-09-18,controlo-sempre-compra,BA,COMPRA,198.2,192.4365,215.4905,3.0,0.5,controlo: compra sempre,1000.0,1.0,0.05
2026-09-18,controlo-sempre-compra,DIS,COMPRA,102.67,99.5019,112.1743,3.0,0.5,controlo: compra sempre,1000.0,1.0,0.05
2026-09-18,momentum-simples,T,COMPRA,25.4,24.6346,27.6962,3.0,0.55,preço 4.2% acima da média de 50 dias,1000.0,1.0,0.05
2026-09-18,controlo-sempre-compra,T,COMPRA,25.4,24.6346,27.6962,3.0,0.5,controlo: compra sempre,1000.0,1.0,0.05
2026-09-18,momentum-2-1,AAPL,COMPRA,336.13,326.8725,354.6451,2.0,0.55,preço 5.0% acima da média de 50 dias,1000.0,1.0,0.05
2026-09-18,momentum-5-1,AAPL,COMPRA,336.13,326.8725,382.4177,5.0,0.55,preço 5.0% acima da média de 50 dias,1000.0,1.0,0.05
2026-09-18,momentum-2-1,MSFT,COMPRA,493.78,480.0834,521.1733,2.0,0.55,preço 6.4% acima da média de 50 dias,1000.0,1.0,0.05
2026-09-18,momentum-5-1,MSFT,COMPRA,493.78,480.0834,562.2631,5.0,0.55,preço 6.4% acima da média de 50 dias,1000.0,1.0,0.05
2026-09-18,momentum-2-1,GOOGL,COMPRA,349.54,339.3271,369.9658,2.0,0.55,preço 1.2% acima da média de 50 dias,1000.0,1.0,0.05
2026-09-18,momentum-5-1,GOOGL,COMPRA,349.54,339.3271,400.6046,5.0,0.55,preço 1.2% acima da média de 50 dias,1000.0,1.0,0.05
2026-09-18,momentum-2-1,META,COMPRA,665.75,640.2689,716.7122,2.0,0.55,preço 9.6% acima da média de 50 dias,1000.0,1.0,0.05
2026-09-18,momentum-5-1,META,COMPRA,665.75,640.2689,793.1556,5.0,0.55,preço 9.6% acima da média de 50 dias,1000.0,1.0,0.05
2026-09-18,momentum-2-1,NVDA,COMPRA,222.27,209.2618,248.2863,2.0,0.55,preço 3.8% acima da média de 50 dias,1000.0,1.0,0.05
2026-09-18,momentum-5-1,NVDA,COMPRA,222.27,209.2618,287.3108,5.0,0.55,preço 3.8% acima da média de 50 dias,1000.0,1.0,0.05
2026-09-18,momentum-2-1,AMD,COMPRA,559.82,524.3055,630.8491,2.0,0.55,preço 12.9% acima da média de 50 dias,1000.0,1.0,0.05
2026-09-18,momentum-5-1,AMD,COMPRA,559.82,524.3055,737.3927,5.0,0.55,preço 12.9% acima da média de 50 dias,1000.0,1.0,0.05
2026-09-18,momentum-2-1,INTC,COMPRA,108.6,100.248,125.304,2.0,0.55,preço 11.9% acima da média de 50 dias,1000.0,1.0,0.05
2026-09-18,momentum-5-1,INTC,COMPRA,108.6,100.248,150.36,5.0,0.55,preço 11.9% acima da média de 50 dias,1000.0,1.0,0.05
2026-09-18,momentum-2-1,CRM,COMPRA,237.92,214.128,285.504,2.0,0.55,preço 15.2% acima da média de 50 dias,1000.0,1.0,0.05
2026-09-18,momentum-5-1,CRM,COMPRA,237.92,214.128,356.88,5.0,0.55,preço 15.2% acima da média de 50 dias,1000.0,1.0,0.05
2026-09-18,momentum-2-1,ORCL,COMPRA,147.61,137.863,167.1039,2.0,0.55,preço 4.7% acima da média de 50 dias,1000.0,1.0,0.05
2026-09-18,momentum-5-1,ORCL,COMPRA,147.61,137.863,196.3448,5.0,0.55,preço 4.7% acima da média de 50 dias,1000.0,1.0,0.05
2026-09-18,contrarian,BAC,COMPRA,57.73,55.9976,62.9272,3.0,0.55,preço 6.4% abaixo da média de 50 dias,1000.0,1.0,0.05
2026-09-18,contrarian,GS,COMPRA,942.0,904.8595,1053.4216,3.0,0.55,preço 8.8% abaixo da média de 50 dias,1000.0,1.0,0.05
2026-09-18,contrarian,MS,COMPRA,202.58,196.5662,220.6214,3.0,0.55,preço 5.3% abaixo da média de 50 dias,1000.0,1.0,0.05
2026-09-18,momentum-2-1,JNJ,COMPRA,269.99,263.9793,282.0113,2.0,0.55,preço 2.9% acima da média de 50 dias,1000.0,1.0,0.05
2026-09-18,momentum-5-1,JNJ,COMPRA,269.99,263.9793,300.0433,5.0,0.55,preço 2.9% acima da média de 50 dias,1000.0,1.0,0.05
2026-09-18,momentum-2-1,PFE,COMPRA,27.66,27.0602,28.8595,2.0,0.55,preço 4.2% acima da média de 50 dias,1000.0,1.0,0.05
2026-09-18,momentum-5-1,PFE,COMPRA,27.66,27.0602,30.6588,5.0,0.55,preço 4.2% acima da média de 50 dias,1000.0,1.0,0.05
2026-09-18,contrarian,UNH,COMPRA,376.9,366.5922,407.8234,3.0,0.55,preço 6.3% abaixo da média de 50 dias,1000.0,1.0,0.05
2026-09-18,momentum-2-1,ABBV,COMPRA,263.96,257.4366,277.0068,2.0,0.55,preço 3.4% acima da média de 50 dias,1000.0,1.0,0.05
2026-09-18,momentum-5-1,ABBV,COMPRA,263.96,257.4366,296.577,5.0,0.55,preço 3.4% acima da média de 50 dias,1000.0,1.0,0.05
2026-09-18,momentum-2-1,MRK,COMPRA,146.87,142.2251,156.1598,2.0,0.55,preço 7.1% acima da média de 50 dias,1000.0,1.0,0.05
2026-09-18,momentum-5-1,MRK,COMPRA,146.87,142.2251,170.0944,5.0,0.55,preço 7.1% acima da média de 50 dias,1000.0,1.0,0.05
2026-09-18,momentum-2-1,XOM,COMPRA,163.54,158.1913,174.2373,2.0,0.55,preço 4.0% acima da média de 50 dias,1000.0,1.0,0.05
2026-09-18,momentum-5-1,XOM,COMPRA,163.54,158.1913,190.2833,5.0,0.55,preço 4.0% acima da média de 50 dias,1000.0,1.0,0.05
2026-09-18,momentum-2-1,CVX,COMPRA,209.51,203.5756,221.3787,2.0,0.55,preço 5.9% acima da média de 50 dias,1000.0,1.0,0.05
2026-09-18,momentum-5-1,CVX,COMPRA,209.51,203.5756,239.1818,5.0,0.55,preço 5.9% acima da média de 50 dias,1000.0,1.0,0.05
2026-09-18,momentum-2-1,COP,COMPRA,131.83,126.7749,141.9402,2.0,0.55,preço 5.4% acima da média de 50 dias,1000.0,1.0,0.05
2026-09-18,momentum-5-1,COP,COMPRA,131.83,126.7749,157.1055,5.0,0.55,preço 5.4% acima da média de 50 dias,1000.0,1.0,0.05
2026-09-18,momentum-2-1,KO,COMPRA,88.25,86.8043,91.1415,2.0,0.55,preço 1.9% acima da média de 50 dias,1000.0,1.0,0.05
2026-09-18,momentum-5-1,KO,COMPRA,88.25,86.8043,95.4787,5.0,0.55,preço 1.9% acima da média de 50 dias,1000.0,1.0,0.05
2026-09-18,contrarian,PEP,COMPRA,129.75,127.1929,137.4212,3.0,0.55,preço 5.6% abaixo da média de 50 dias,1000.0,1.0,0.05
2026-09-18,contrarian,MCD,COMPRA,248.24,242.5358,265.3526,3.0,0.55,preço 6.0% abaixo da média de 50 dias,1000.0,1.0,0.05
2026-09-18,contrarian,NKE,COMPRA,35.51,34.3575,38.9676,3.0,0.55,preço 11.5% abaixo da média de 50 dias,1000.0,1.0,0.05
2026-09-18,contrarian,SBUX,COMPRA,95.83,93.051,104.1671,3.0,0.55,preço 8.0% abaixo da média de 50 dias,1000.0,1.0,0.05
2026-09-18,contrarian,BA,COMPRA,198.2,192.4365,215.4905,3.0,0.55,preço 8.3% abaixo da média de 50 dias,1000.0,1.0,0.05
2026-09-18,contrarian,GE,COMPRA,314.27,303.6553,346.114,3.0,0.55,preço 9.7% abaixo da média de 50 dias,1000.0,1.0,0.05
2026-09-18,momentum-2-1,T,COMPRA,25.4,24.6346,26.9308,2.0,0.55,preço 4.2% acima da média de 50 dias,1000.0,1.0,0.05
2026-09-18,momentum-5-1,T,COMPRA,25.4,24.6346,29.227,5.0,0.55,preço 4.2% acima da média de 50 dias,1000.0,1.0,0.05
2026-09-18,momentum-2-1,TSLA,COMPRA,364.27,341.6999,409.4102,2.0,0.55,preço 4.0% acima da média de 50 dias,1000.0,1.0,0.05
2026-09-18,momentum-5-1,TSLA,COMPRA,364.27,341.6999,477.1204,5.0,0.55,preço 4.0% acima da média de 50 dias,1000.0,1.0,0.05
2026-09-18,momentum-simples,MRNA,COMPRA,154.04,138.636,200.252,3.0,0.55,preço 56.9% acima da média de 50 dias,1000.0,1.0,0.05
2026-09-18,momentum-2-1,MRNA,COMPRA,154.04,138.636,184.848,2.0,0.55,preço 56.9% acima da média de 50 dias,1000.0,1.0,0.05
2026-09-18,momentum-5-1,MRNA,COMPRA,154.04,138.636,231.06,5.0,0.55,preço 56.9% acima da média de 50 dias,1000.0,1.0,0.05
2026-09-18,controlo-sempre-compra,MRNA,COMPRA,154.04,138.636,200.252,3.0,0.5,controlo: compra sempre,1000.0,1.0,0.05
2026-09-18,momentum-simples,SNDK,COMPRA,1791.8199,1621.3183,2303.3246,3.0,0.55,preço 19.1% acima da média de 50 dias,1000.0,1.0,0.05
2026-09-18,momentum-2-1,SNDK,COMPRA,1791.8199,1621.3183,2132.823,2.0,0.55,preço 19.1% acima da média de 50 dias,1000.0,1.0,0.05
2026-09-18,momentum-5-1,SNDK,COMPRA,1791.8199,1621.3183,2644.3278,5.0,0.55,preço 19.1% acima da média de 50 dias,1000.0,1.0,0.05
2026-09-18,controlo-sempre-compra,SNDK,COMPRA,1791.8199,1621.3183,2303.3246,3.0,0.5,controlo: compra sempre,1000.0,1.0,0.05
2026-09-18,controlo-moeda-ao-ar,SNDK,COMPRA,1791.8199,1621.3183,2303.3246,3.0,0.5,controlo: moeda ao ar,1000.0,1.0,0.05
2026-09-18,momentum-simples,BE,COMPRA,265.63,240.43,341.23,3.0,0.55,preço 17.8% acima da média de 50 dias,1000.0,1.0,0.05
2026-09-18,momentum-2-1,BE,COMPRA,265.63,240.43,316.03,2.0,0.55,preço 17.8% acima da média de 50 dias,1000.0,1.0,0.05
2026-09-18,momentum-5-1,BE,COMPRA,265.63,240.43,391.63,5.0,0.55,preço 17.8% acima da média de 50 dias,1000.0,1.0,0.05
2026-09-18,controlo-sempre-compra,BE,COMPRA,265.63,240.43,341.23,3.0,0.5,controlo: compra sempre,1000.0,1.0,0.05
2026-09-18,momentum-simples,LITE,COMPRA,930.91,837.819,1210.183,3.0,0.55,preço 10.6% acima da média de 50 dias,1000.0,1.0,0.05
2026-09-18,momentum-2-1,LITE,COMPRA,930.91,837.819,1117.092,2.0,0.55,preço 10.6% acima da média de 50 dias,1000.0,1.0,0.05
2026-09-18,momentum-5-1,LITE,COMPRA,930.91,837.819,1396.365,5.0,0.55,preço 10.6% acima da média de 50 dias,1000.0,1.0,0.05
2026-09-18,controlo-sempre-compra,LITE,COMPRA,930.91,837.819,1210.183,3.0,0.5,controlo: compra sempre,1000.0,1.0,0.05
2026-09-18,momentum-simples,SMCI,COMPRA,39.09,35.2859,50.5022,3.0,0.55,preço 16.5% acima da média de 50 dias,1000.0,1.0,0.05
2026-09-18,momentum-2-1,SMCI,COMPRA,39.09,35.2859,46.6981,2.0,0.55,preço 16.5% acima da média de 50 dias,1000.0,1.0,0.05
2026-09-18,momentum-5-1,SMCI,COMPRA,39.09,35.2859,58.1103,5.0,0.55,preço 16.5% acima da média de 50 dias,1000.0,1.0,0.05
2026-09-18,controlo-sempre-compra,SMCI,COMPRA,39.09,35.2859,50.5022,3.0,0.5,controlo: compra sempre,1000.0,1.0,0.05
2026-09-18,controlo-moeda-ao-ar,SMCI,COMPRA,39.09,35.2859,50.5022,3.0,0.5,controlo: moeda ao ar,1000.0,1.0,0.05
2026-09-18,momentum-simples,COHR,COMPRA,317.36,285.6526,412.4823,3.0,0.55,preço 6.9% acima da média de 50 dias,1000.0,1.0,0.05
2026-09-18,momentum-2-1,COHR,COMPRA,317.36,285.6526,380.7749,2.0,0.55,preço 6.9% acima da média de 50 dias,1000.0,1.0,0.05
2026-09-18,momentum-5-1,COHR,COMPRA,317.36,285.6526,475.8971,5.0,0.55,preço 6.9% acima da média de 50 dias,1000.0,1.0,0.05
2026-09-18,controlo-sempre-compra,COHR,COMPRA,317.36,285.6526,412.4823,3.0,0.5,controlo: compra sempre,1000.0,1.0,0.05
2026-09-18,controlo-moeda-ao-ar,COHR,COMPRA,317.36,285.6526,412.4823,3.0,0.5,controlo: moeda ao ar,1000.0,1.0,0.05
2026-09-18,momentum-simples,MU,COMPRA,1015.8,949.0382,1216.0853,3.0,0.55,preço 9.5% acima da média de 50 dias,1000.0,1.0,0.05
2026-09-18,momentum-2-1,MU,COMPRA,1015.8,949.0382,1149.3236,2.0,0.55,preço 9.5% acima da média de 50 dias,1000.0,1.0,0.05
2026-09-18,momentum-5-1,MU,COMPRA,1015.8,949.0382,1349.6089,5.0,0.55,preço 9.5% acima da média de 50 dias,1000.0,1.0,0.05
2026-09-18,controlo-sempre-compra,MU,COMPRA,1015.8,949.0382,1216.0853,3.0,0.5,controlo: compra sempre,1000.0,1.0,0.05
2026-09-18,controlo-moeda-ao-ar,MU,COMPRA,1015.8,949.0382,1216.0853,3.0,0.5,controlo: moeda ao ar,1000.0,1.0,0.05
2026-09-18,contrarian,WDC,COMPRA,441.36,413.4069,525.2193,3.0,0.55,preço 8.4% abaixo da média de 50 dias,1000.0,1.0,0.05
2026-09-18,controlo-sempre-compra,WDC,COMPRA,441.36,413.4069,525.2193,3.0,0.5,controlo: compra sempre,1000.0,1.0,0.05
2026-09-18,momentum-simples,MRVL,COMPRA,244.25,222.4815,309.5555,3.0,0.55,preço 13.1% acima da média de 50 dias,1000.0,1.0,0.05
2026-09-18,momentum-2-1,MRVL,COMPRA,244.25,222.4815,287.787,2.0,0.55,preço 13.1% acima da média de 50 dias,1000.0,1.0,0.05
2026-09-18,momentum-5-1,MRVL,COMPRA,244.25,222.4815,353.0924,5.0,0.55,preço 13.1% acima da média de 50 dias,1000.0,1.0,0.05
2026-09-18,controlo-sempre-compra,MRVL,COMPRA,244.25,222.4815,309.5555,3.0,0.5,controlo: compra sempre,1000.0,1.0,0.05
2026-09-18,controlo-moeda-ao-ar,MRVL,COMPRA,244.25,222.4815,309.5555,3.0,0.5,controlo: moeda ao ar,1000.0,1.0,0.05
2026-09-18,momentum-simples,TER,COMPRA,371.47,338.966,468.9819,3.0,0.55,preço 2.0% acima da média de 50 dias,1000.0,1.0,0.05
2026-09-18,momentum-2-1,TER,COMPRA,371.47,338.966,436.4779,2.0,0.55,preço 2.0% acima da média de 50 dias,1000.0,1.0,0.05
2026-09-18,momentum-5-1,TER,COMPRA,371.47,338.966,533.9898,5.0,0.55,preço 2.0% acima da média de 50 dias,1000.0,1.0,0.05
2026-09-18,controlo-sempre-compra,TER,COMPRA,371.47,338.966,468.9819,3.0,0.5,controlo: compra sempre,1000.0,1.0,0.05
2026-09-18,controlo-moeda-ao-ar,TER,COMPRA,371.47,338.966,468.9819,3.0,0.5,controlo: moeda ao ar,1000.0,1.0,0.05
2026-09-18,momentum-simples,DELL,COMPRA,568.06,511.254,738.478,3.0,0.55,preço 22.8% acima da média de 50 dias,1000.0,1.0,0.05
2026-09-18,momentum-2-1,DELL,COMPRA,568.06,511.254,681.672,2.0,0.55,preço 22.8% acima da média de 50 dias,1000.0,1.0,0.05
2026-09-18,momentum-5-1,DELL,COMPRA,568.06,511.254,852.09,5.0,0.55,preço 22.8% acima da média de 50 dias,1000.0,1.0,0.05
2026-09-18,controlo-sempre-compra,DELL,COMPRA,568.06,511.254,738.478,3.0,0.5,controlo: compra sempre,1000.0,1.0,0.05
2026-09-18,controlo-moeda-ao-ar,DELL,COMPRA,568.06,511.254,738.478,3.0,0.5,controlo: moeda ao ar,1000.0,1.0,0.05
2026-09-18,momentum-simples,STX,COMPRA,858.79,795.0024,1050.1527,3.0,0.55,preço 1.8% acima da média de 50 dias,1000.0,1.0,0.05
2026-09-18,momentum-2-1,STX,COMPRA,858.79,795.0024,986.3651,2.0,0.55,preço 1.8% acima da média de 50 dias,1000.0,1.0,0.05
2026-09-18,momentum-5-1,STX,COMPRA,858.79,795.0024,1177.7278,5.0,0.55,preço 1.8% acima da média de 50 dias,1000.0,1.0,0.05
2026-09-18,controlo-sempre-compra,STX,COMPRA,858.79,795.0024,1050.1527,3.0,0.5,controlo: compra sempre,1000.0,1.0,0.05
2026-09-18,contrarian,APP,COMPRA,308.06,293.3554,352.1739,3.0,0.55,preço 13.8% abaixo da média de 50 dias,1000.0,1.0,0.05
2026-09-18,controlo-sempre-compra,APP,COMPRA,308.06,293.3554,352.1739,3.0,0.5,controlo: compra sempre,1000.0,1.0,0.05
2026-09-18,momentum-simples,HOOD,COMPRA,119.82,107.838,155.766,3.0,0.55,preço 16.1% acima da média de 50 dias,1000.0,1.0,0.05
2026-09-18,momentum-2-1,HOOD,COMPRA,119.82,107.838,143.784,2.0,0.55,preço 16.1% acima da média de 50 dias,1000.0,1.0,0.05
2026-09-18,momentum-5-1,HOOD,COMPRA,119.82,107.838,179.73,5.0,0.55,preço 16.1% acima da média de 50 dias,1000.0,1.0,0.05
2026-09-18,controlo-sempre-compra,HOOD,COMPRA,119.82,107.838,155.766,3.0,0.5,controlo: compra sempre,1000.0,1.0,0.05
2026-09-18,controlo-moeda-ao-ar,HOOD,COMPRA,119.82,107.838,155.766,3.0,0.5,controlo: moeda ao ar,1000.0,1.0,0.05
2026-09-18,contrarian,CIEN,COMPRA,348.8,316.4856,445.7433,3.0,0.55,preço 9.2% abaixo da média de 50 dias,1000.0,1.0,0.05
2026-09-18,controlo-sempre-compra,CIEN,COMPRA,348.8,316.4856,445.7433,3.0,0.5,controlo: compra sempre,1000.0,1.0,0.05
2026-09-18,controlo-moeda-ao-ar,CIEN,COMPRA,348.8,316.4856,445.7433,3.0,0.5,controlo: moeda ao ar,1000.0,1.0,0.05
2026-09-18,controlo-sempre-compra,GLW,COMPRA,150.13,137.4083,188.2951,3.0,0.5,controlo: compra sempre,1000.0,1.0,0.05
2026-09-18,controlo-moeda-ao-ar,GLW,COMPRA,150.13,137.4083,188.2951,3.0,0.5,controlo: moeda ao ar,1000.0,1.0,0.05
2026-09-18,momentum-simples,COIN,COMPRA,194.25,174.825,252.525,3.0,0.55,preço 16.6% acima da média de 50 dias,1000.0,1.0,0.05
2026-09-18,momentum-2-1,COIN,COMPRA,194.25,174.825,233.1,2.0,0.55,preço 16.6% acima da média de 50 dias,1000.0,1.0,0.05
2026-09-18,momentum-5-1,COIN,COMPRA,194.25,174.825,291.375,5.0,0.55,preço 16.6% acima da média de 50 dias,1000.0,1.0,0.05
2026-09-18,controlo-sempre-compra,COIN,COMPRA,194.25,174.825,252.525,3.0,0.5,controlo: compra sempre,1000.0,1.0,0.05
2026-09-18,contrarian,RDDT,COMPRA,150.85,139.9421,183.5738,3.0,0.55,preço 7.9% abaixo da média de 50 dias,1000.0,1.0,0.05
2026-09-18,controlo-sempre-compra,RDDT,COMPRA,150.85,139.9421,183.5738,3.0,0.5,controlo: compra sempre,1000.0,1.0,0.05
2026-09-18,controlo-moeda-ao-ar,RDDT,COMPRA,150.85,139.9421,183.5738,3.0,0.5,controlo: moeda ao ar,1000.0,1.0,0.05
2026-09-18,contrarian,DDOG,COMPRA,229.92,213.5606,278.9981,3.0,0.55,preço 5.6% abaixo da média de 50 dias,1000.0,1.0,0.05
2026-09-18,controlo-sempre-compra,DDOG,COMPRA,229.92,213.5606,278.9981,3.0,0.5,controlo: compra sempre,1000.0,1.0,0.05
2026-09-18,controlo-moeda-ao-ar,DDOG,COMPRA,229.92,213.5606,278.9981,3.0,0.5,controlo: moeda ao ar,1000.0,1.0,0.05
2026-09-18,contrarian,FLEX,COMPRA,108.51,101.5433,129.4102,3.0,0.55,preço 7.1% abaixo da média de 50 dias,1000.0,1.0,0.05
2026-09-18,controlo-sempre-compra,FLEX,COMPRA,108.51,101.5433,129.4102,3.0,0.5,controlo: compra sempre,1000.0,1.0,0.05
2026-09-21,momentum-com-teto,AAPL,COMPRA,338.98,329.7668,366.6195,3.0,0.55,"preço 5.8% acima da média de 50 dias, dentro do teto de 15%",1000.0,1.0,0.05
2026-09-21,momentum-com-teto,MSFT,COMPRA,501.61,487.3317,544.445,3.0,0.55,"preço 7.5% acima da média de 50 dias, dentro do teto de 15%",1000.0,1.0,0.05
2026-09-21,momentum-com-teto,GOOGL,COMPRA,354.97,344.493,386.401,3.0,0.55,"preço 2.8% acima da média de 50 dias, dentro do teto de 15%",1000.0,1.0,0.05
2026-09-21,momentum-simples,META,COMPRA,741.245,696.8352,874.4743,3.0,0.55,preço 21.8% acima da média de 50 dias,1000.0,1.0,0.05
2026-09-21,momentum-2-1,META,COMPRA,741.245,696.8352,830.0646,2.0,0.55,preço 21.8% acima da média de 50 dias,1000.0,1.0,0.05
2026-09-21,controlo-sempre-compra,META,COMPRA,741.245,696.8352,874.4743,3.0,0.5,controlo: compra sempre,1000.0,1.0,0.05
2026-09-21,controlo-moeda-ao-ar,META,COMPRA,741.245,696.8352,874.4743,3.0,0.5,controlo: moeda ao ar,1000.0,1.0,0.05
2026-09-21,momentum-com-teto,NVDA,COMPRA,227.38,213.9639,267.6283,3.0,0.55,"preço 6.1% acima da média de 50 dias, dentro do teto de 15%",1000.0,1.0,0.05
2026-09-21,momentum-simples,AMD,COMPRA,615.52,569.2601,754.2998,3.0,0.55,preço 23.8% acima da média de 50 dias,1000.0,1.0,0.05
2026-09-21,controlo-sempre-compra,AMD,COMPRA,615.52,569.2601,754.2998,3.0,0.5,controlo: compra sempre,1000.0,1.0,0.05
2026-09-21,momentum-simples,INTC,COMPRA,121.78,110.7853,154.7641,3.0,0.55,preço 25.1% acima da média de 50 dias,1000.0,1.0,0.05
2026-09-21,controlo-sempre-compra,INTC,COMPRA,121.78,110.7853,154.7641,3.0,0.5,controlo: compra sempre,1000.0,1.0,0.05
2026-09-21,controlo-moeda-ao-ar,INTC,COMPRA,121.78,110.7853,154.7641,3.0,0.5,controlo: moeda ao ar,1000.0,1.0,0.05
2026-09-21,momentum-com-teto,CRM,COMPRA,236.42,210.2689,314.8732,3.0,0.55,"preço 13.6% acima da média de 50 dias, dentro do teto de 15%",1000.0,1.0,0.05
2026-09-21,controlo-moeda-ao-ar,CRM,COMPRA,236.42,210.2689,314.8732,3.0,0.5,controlo: moeda ao ar,1000.0,1.0,0.05
2026-09-21,momentum-com-teto,ORCL,COMPRA,148.56,138.9485,177.3945,3.0,0.55,"preço 5.2% acima da média de 50 dias, dentro do teto de 15%",1000.0,1.0,0.05
2026-09-21,momentum-com-teto,JNJ,COMPRA,269.47,263.599,287.083,3.0,0.55,"preço 2.6% acima da média de 50 dias, dentro do teto de 15%",1000.0,1.0,0.05
2026-09-21,momentum-com-teto,PFE,COMPRA,27.74,27.1519,29.5043,3.0,0.55,"preço 4.2% acima da média de 50 dias, dentro do teto de 15%",1000.0,1.0,0.05
2026-09-21,momentum-com-teto,ABBV,COMPRA,264.48,258.097,283.629,3.0,0.55,"preço 3.5% acima da média de 50 dias, dentro do teto de 15%",1000.0,1.0,0.05
2026-09-21,momentum-com-teto,MRK,COMPRA,149.5,144.9009,163.2972,3.0,0.55,"preço 8.6% acima da média de 50 dias, dentro do teto de 15%",1000.0,1.0,0.05
2026-09-21,controlo-moeda-ao-ar,XOM,COMPRA,158.3,152.6735,175.1795,3.0,0.5,controlo: moeda ao ar,1000.0,1.0,0.05
2026-09-21,momentum-simples,CVX,COMPRA,203.67,197.3317,222.685,3.0,0.55,preço 2.6% acima da média de 50 dias,1000.0,1.0,0.05
2026-09-21,momentum-2-1,CVX,COMPRA,203.67,197.3317,216.3467,2.0,0.55,preço 2.6% acima da média de 50 dias,1000.0,1.0,0.05
2026-09-21,momentum-5-1,CVX,COMPRA,203.67,197.3317,235.3617,5.0,0.55,preço 2.6% acima da média de 50 dias,1000.0,1.0,0.05
2026-09-21,momentum-com-teto,CVX,COMPRA,203.67,197.3317,222.685,3.0,0.55,"preço 2.6% acima da média de 50 dias, dentro do teto de 15%",1000.0,1.0,0.05
2026-09-21,controlo-sempre-compra,CVX,COMPRA,203.67,197.3317,222.685,3.0,0.5,controlo: compra sempre,1000.0,1.0,0.05
2026-09-21,controlo-moeda-ao-ar,CVX,COMPRA,203.67,197.3317,222.685,3.0,0.5,controlo: moeda ao ar,1000.0,1.0,0.05
2026-09-21,momentum-com-teto,COP,COMPRA,127.53,122.3184,143.1649,3.0,0.55,"preço 1.6% acima da média de 50 dias, dentro do teto de 15%",1000.0,1.0,0.05
2026-09-21,controlo-sempre-compra,SBUX,COMPRA,94.9,92.5899,101.8302,3.0,0.5,controlo: compra sempre,1000.0,1.0,0.05
2026-09-21,controlo-moeda-ao-ar,SBUX,COMPRA,94.9,92.5899,101.8302,3.0,0.5,controlo: moeda ao ar,1000.0,1.0,0.05
2026-09-21,controlo-moeda-ao-ar,COST,COMPRA,898.48,878.3799,958.7803,3.0,0.5,controlo: moeda ao ar,1000.0,1.0,0.05
2026-09-21,controlo-moeda-ao-ar,GE,COMPRA,319.01,308.0896,351.7712,3.0,0.5,controlo: moeda ao ar,1000.0,1.0,0.05
2026-09-21,momentum-simples,DIS,COMPRA,104.23,100.9253,114.1442,3.0,0.55,preço 1.3% acima da média de 50 dias,1000.0,1.0,0.05
2026-09-21,momentum-2-1,DIS,COMPRA,104.23,100.9253,110.8395,2.0,0.55,preço 1.3% acima da média de 50 dias,1000.0,1.0,0.05
2026-09-21,momentum-5-1,DIS,COMPRA,104.23,100.9253,120.7537,5.0,0.55,preço 1.3% acima da média de 50 dias,1000.0,1.0,0.05
2026-09-21,momentum-com-teto,DIS,COMPRA,104.23,100.9253,114.1442,3.0,0.55,"preço 1.3% acima da média de 50 dias, dentro do teto de 15%",1000.0,1.0,0.05
2026-09-21,momentum-com-teto,T,COMPRA,25.45,24.6852,27.7445,3.0,0.55,"preço 4.0% acima da média de 50 dias, dentro do teto de 15%",1000.0,1.0,0.05
2026-09-21,momentum-com-teto,TSLA,COMPRA,375.3,353.0976,441.9071,3.0,0.55,"preço 7.4% acima da média de 50 dias, dentro do teto de 15%",1000.0,1.0,0.05
2026-09-21,controlo-moeda-ao-ar,BE,COMPRA,272.89,247.0879,350.2962,3.0,0.5,controlo: moeda ao ar,1000.0,1.0,0.05
2026-09-21,momentum-com-teto,LITE,COMPRA,954.49,850.5292,1266.3725,3.0,0.55,"preço 13.0% acima da média de 50 dias, dentro do teto de 15%",1000.0,1.0,0.05
2026-09-21,momentum-com-teto,COHR,COMPRA,321.52,289.4012,417.8765,3.0,0.55,"preço 8.4% acima da média de 50 dias, dentro do teto de 15%",1000.0,1.0,0.05
2026-09-21,momentum-com-teto,MU,COMPRA,1043.96,974.5808,1252.0976,3.0,0.55,"preço 12.4% acima da média de 50 dias, dentro do teto de 15%",1000.0,1.0,0.05
2026-09-21,controlo-moeda-ao-ar,WDC,COMPRA,448.17,419.8328,533.1816,3.0,0.5,controlo: moeda ao ar,1000.0,1.0,0.05
2026-09-21,momentum-com-teto,TER,COMPRA,381.54,348.0144,482.1169,3.0,0.55,"preço 4.7% acima da média de 50 dias, dentro do teto de 15%",1000.0,1.0,0.05
2026-09-21,momentum-com-teto,STX,COMPRA,877.325,811.6757,1074.273,3.0,0.55,"preço 4.1% acima da média de 50 dias, dentro do teto de 15%",1000.0,1.0,0.05
2026-09-21,momentum-simples,GLW,COMPRA,158.98,144.9201,201.1596,3.0,0.55,preço 3.1% acima da média de 50 dias,1000.0,1.0,0.05
2026-09-21,momentum-2-1,GLW,COMPRA,158.98,144.9201,187.0998,2.0,0.55,preço 3.1% acima da média de 50 dias,1000.0,1.0,0.05
2026-09-21,momentum-5-1,GLW,COMPRA,158.98,144.9201,229.2794,5.0,0.55,preço 3.1% acima da média de 50 dias,1000.0,1.0,0.05
2026-09-21,momentum-com-teto,GLW,COMPRA,158.98,144.9201,201.1596,3.0,0.55,"preço 3.1% acima da média de 50 dias, dentro do teto de 15%",1000.0,1.0,0.05
2026-09-21,controlo-moeda-ao-ar,FLEX,COMPRA,111.61,104.3001,133.5398,3.0,0.5,controlo: moeda ao ar,1000.0,1.0,0.05
2026-09-21,momentum-simples,P,COMPRA,113.66,102.5213,147.0761,3.0,0.55,preço 22.9% acima da média de 50 dias,1000.0,1.0,0.05
2026-09-21,momentum-2-1,P,COMPRA,113.66,102.5213,135.9374,2.0,0.55,preço 22.9% acima da média de 50 dias,1000.0,1.0,0.05
2026-09-21,momentum-5-1,P,COMPRA,113.66,102.5213,169.3535,5.0,0.55,preço 22.9% acima da média de 50 dias,1000.0,1.0,0.05
2026-09-21,controlo-sempre-compra,P,COMPRA,113.66,102.5213,147.0761,3.0,0.5,controlo: compra sempre,1000.0,1.0,0.05
2026-09-21,controlo-moeda-ao-ar,P,COMPRA,113.66,102.5213,147.0761,3.0,0.5,controlo: moeda ao ar,1000.0,1.0,0.05
2026-09-22,controlo-sempre-compra,JPM,COMPRA,340.0,332.4026,362.7921,3.0,0.5,controlo: compra sempre,1000.0,1.0,0.05
2026-09-22,controlo-sempre-compra,BAC,COMPRA,56.2,54.4074,61.5778,3.0,0.5,controlo: compra sempre,1000.0,1.0,0.05
2026-09-22,controlo-moeda-ao-ar,BAC,COMPRA,56.2,54.4074,61.5778,3.0,0.5,controlo: moeda ao ar,1000.0,1.0,0.05
2026-09-22,controlo-sempre-compra,V,COMPRA,362.04,354.7667,383.8598,3.0,0.5,controlo: compra sempre,1000.0,1.0,0.05
2026-09-22,controlo-moeda-ao-ar,V,COMPRA,362.04,354.7667,383.8598,3.0,0.5,controlo: moeda ao ar,1000.0,1.0,0.05
2026-09-22,controlo-sempre-compra,MA,COMPRA,555.89,546.3178,584.6067,3.0,0.5,controlo: compra sempre,1000.0,1.0,0.05
2026-09-22,controlo-sempre-compra,XOM,COMPRA,158.71,153.0705,175.6285,3.0,0.5,controlo: compra sempre,1000.0,1.0,0.05
2026-09-22,controlo-sempre-compra,COP,COMPRA,125.27,120.1021,140.7738,3.0,0.5,controlo: compra sempre,1000.0,1.0,0.05
2026-09-22,momentum-com-teto,KO,COMPRA,88.61,87.0031,93.4307,3.0,0.55,"preço 2.1% acima da média de 50 dias, dentro do teto de 15%",1000.0,1.0,0.05
2026-09-22,momentum-2-1,PG,COMPRA,148.22,145.5165,153.6271,2.0,0.55,preço 1.6% acima da média de 50 dias,1000.0,1.0,0.05
2026-09-22,momentum-5-1,PG,COMPRA,148.22,145.5165,161.7377,5.0,0.55,preço 1.6% acima da média de 50 dias,1000.0,1.0,0.05
2026-09-22,momentum-com-teto,PG,COMPRA,148.22,145.5165,156.3306,3.0,0.55,"preço 1.6% acima da média de 50 dias, dentro do teto de 15%",1000.0,1.0,0.05
2026-09-22,controlo-moeda-ao-ar,DIS,COMPRA,103.82,100.8217,112.8149,3.0,0.5,controlo: moeda ao ar,1000.0,1.0,0.05
2026-09-22,controlo-moeda-ao-ar,T,COMPRA,25.1,24.3527,27.3418,3.0,0.5,controlo: moeda ao ar,1000.0,1.0,0.05
2026-09-22,controlo-sempre-compra,VZ,COMPRA,46.45,45.1787,50.264,3.0,0.5,controlo: compra sempre,1000.0,1.0,0.05
2026-09-22,controlo-moeda-ao-ar,STX,COMPRA,919.84,855.0714,1114.1458,3.0,0.5,controlo: moeda ao ar,1000.0,1.0,0.05
2026-09-22,controlo-moeda-ao-ar,COIN,COMPRA,201.07,177.1217,272.9148,3.0,0.5,controlo: moeda ao ar,1000.0,1.0,0.05
2026-09-22,momentum-simples,DDOG,COMPRA,247.475,229.1644,302.4069,3.0,0.55,preço 1.8% acima da média de 50 dias,1000.0,1.0,0.05
2026-09-22,momentum-2-1,DDOG,COMPRA,247.475,229.1644,284.0962,2.0,0.55,preço 1.8% acima da média de 50 dias,1000.0,1.0,0.05
2026-09-22,momentum-5-1,DDOG,COMPRA,247.475,229.1644,339.0281,5.0,0.55,preço 1.8% acima da média de 50 dias,1000.0,1.0,0.05
2026-09-22,momentum-com-teto,DDOG,COMPRA,247.475,229.1644,302.4069,3.0,0.55,"preço 1.8% acima da média de 50 dias, dentro do teto de 15%",1000.0,1.0,0.05
2026-09-23,controlo-moeda-ao-ar,JPM,COMPRA,337.53,329.9694,360.2119,3.0,0.5,controlo: moeda ao ar,1000.0,1.0,0.05
2026-09-23,contrarian,BAC,COMPRA,56.0,54.2213,61.336,3.0,0.55,preço 9.0% abaixo da média de 50 dias,1000.0,1.0,0.05
2026-09-23,contrarian,UNH,COMPRA,371.29,362.0229,399.0912,3.0,0.55,preço 7.2% abaixo da média de 50 dias,1000.0,1.0,0.05
2026-09-23,momentum-simples,XOM,COMPRA,161.23,155.3264,178.9408,3.0,0.55,preço 2.0% acima da média de 50 dias,1000.0,1.0,0.05
2026-09-23,momentum-2-1,XOM,COMPRA,161.23,155.3264,173.0372,2.0,0.55,preço 2.0% acima da média de 50 dias,1000.0,1.0,0.05
2026-09-23,momentum-5-1,XOM,COMPRA,161.23,155.3264,190.748,5.0,0.55,preço 2.0% acima da média de 50 dias,1000.0,1.0,0.05
2026-09-23,momentum-com-teto,XOM,COMPRA,161.23,155.3264,178.9408,3.0,0.55,"preço 2.0% acima da média de 50 dias, dentro do teto de 15%",1000.0,1.0,0.05
2026-09-23,momentum-simples,COP,COMPRA,128.09,122.8683,143.7551,3.0,0.55,preço 1.8% acima da média de 50 dias,1000.0,1.0,0.05
2026-09-23,momentum-2-1,COP,COMPRA,128.09,122.8683,138.5334,2.0,0.55,preço 1.8% acima da média de 50 dias,1000.0,1.0,0.05
2026-09-23,momentum-5-1,COP,COMPRA,128.09,122.8683,154.1985,5.0,0.55,preço 1.8% acima da média de 50 dias,1000.0,1.0,0.05
2026-09-23,contrarian,MCD,COMPRA,238.32,231.1921,259.7037,3.0,0.55,preço 9.2% abaixo da média de 50 dias,1000.0,1.0,0.05
2026-09-23,controlo-sempre-compra,MCD,COMPRA,238.32,231.1921,259.7037,3.0,0.5,controlo: compra sempre,1000.0,1.0,0.05
2026-09-23,controlo-moeda-ao-ar,APP,COMPRA,315.25,296.2948,372.1157,3.0,0.5,controlo: moeda ao ar,1000.0,1.0,0.05
2026-09-24,controlo-moeda-ao-ar,AMD,COMPRA,629.26,584.5102,763.5095,3.0,0.5,controlo: moeda ao ar,1000.0,1.0,0.05
2026-09-24,momentum-2-1,INTC,COMPRA,127.39,116.1108,149.9485,2.0,0.55,preço 29.3% acima da média de 50 dias,1000.0,1.0,0.05
2026-09-24,controlo-sempre-compra,ORCL,COMPRA,139.54,130.4556,166.7932,3.0,0.5,controlo: compra sempre,1000.0,1.0,0.05
2026-09-24,controlo-moeda-ao-ar,ORCL,COMPRA,139.54,130.4556,166.7932,3.0,0.5,controlo: moeda ao ar,1000.0,1.0,0.05
2026-09-24,contrarian,MS,COMPRA,196.32,190.3816,214.1351,3.0,0.55,preço 7.7% abaixo da média de 50 dias,1000.0,1.0,0.05
2026-09-24,controlo-sempre-compra,MS,COMPRA,196.32,190.3816,214.1351,3.0,0.5,controlo: compra sempre,1000.0,1.0,0.05
2026-09-24,contrarian,SBUX,COMPRA,93.65,91.4502,100.2493,3.0,0.55,preço 9.5% abaixo da média de 50 dias,1000.0,1.0,0.05
2026-09-24,controlo-moeda-ao-ar,LITE,COMPRA,929.04,836.1501,1207.7096,3.0,0.5,controlo: moeda ao ar,1000.0,1.0,0.05
2026-09-24,momentum-com-teto,DELL,COMPRA,536.02,475.3395,718.0614,3.0,0.55,"preço 13.5% acima da média de 50 dias, dentro do teto de 15%",1000.0,1.0,0.05
2026-09-25,momentum-2-1,AMD,COMPRA,630.63,586.1496,719.5908,2.0,0.55,preço 24.9% acima da média de 50 dias,1000.0,1.0,0.05
2026-09-25,controlo-moeda-ao-ar,MS,COMPRA,196.31,190.7861,212.8817,3.0,0.5,controlo: moeda ao ar,1000.0,1.0,0.05
2026-09-25,contrarian,PEP,COMPRA,128.63,126.2459,135.7822,3.0,0.55,preço 6.0% abaixo da média de 50 dias,1000.0,1.0,0.05
2026-09-25,controlo-sempre-compra,PEP,COMPRA,128.63,126.2459,135.7822,3.0,0.5,controlo: compra sempre,1000.0,1.0,0.05
2026-09-25,controlo-moeda-ao-ar,PEP,COMPRA,128.63,126.2459,135.7822,3.0,0.5,controlo: moeda ao ar,1000.0,1.0,0.05
2026-09-25,momentum-com-teto,HOOD,COMPRA,119.4,107.1392,156.1825,3.0,0.55,"preço 14.5% acima da média de 50 dias, dentro do teto de 15%",1000.0,1.0,0.05
2026-09-25,momentum-com-teto,COIN,COMPRA,195.11,172.4783,263.0051,3.0,0.55,"preço 14.5% acima da média de 50 dias, dentro do teto de 15%",1000.0,1.0,0.05
2026-09-25,controlo-sempre-compra,DDOG,COMPRA,268.13,249.2743,324.6972,3.0,0.5,controlo: compra sempre,1000.0,1.0,0.05
2026-09-25,controlo-moeda-ao-ar,DDOG,COMPRA,268.13,249.2743,324.6972,3.0,0.5,controlo: moeda ao ar,1000.0,1.0,0.05
2026-09-28,momentum-2-1,INTC,COMPRA,116.03,105.0559,137.9782,2.0,0.55,preço 16.6% acima da média de 50 dias,1000.0,1.0,0.05
2026-09-28,momentum-simples,CRM,COMPRA,227.27,217.4937,256.5988,3.0,0.55,preço 6.0% acima da média de 50 dias,1000.0,1.0,0.05
2026-09-28,controlo-sempre-compra,CRM,COMPRA,227.27,217.4937,256.5988,3.0,0.5,controlo: compra sempre,1000.0,1.0,0.05
2026-09-28,contrarian,ORCL,COMPRA,132.6,123.8916,158.7253,3.0,0.55,preço 6.9% abaixo da média de 50 dias,1000.0,1.0,0.05
2026-09-28,momentum-2-1,PFE,COMPRA,28.72,28.1738,29.8124,2.0,0.55,preço 6.3% acima da média de 50 dias,1000.0,1.0,0.05
2026-09-28,controlo-moeda-ao-ar,COP,COMPRA,126.04,120.6044,142.3469,3.0,0.5,controlo: moeda ao ar,1000.0,1.0,0.05
2026-09-28,controlo-moeda-ao-ar,MCD,COMPRA,233.6,227.454,252.038,3.0,0.5,controlo: moeda ao ar,1000.0,1.0,0.05
2026-09-28,momentum-2-1,PG,COMPRA,149.03,146.123,154.844,2.0,0.55,preço 2.2% acima da média de 50 dias,1000.0,1.0,0.05
2026-09-28,momentum-5-1,PG,COMPRA,149.03,146.123,163.5649,5.0,0.55,preço 2.2% acima da média de 50 dias,1000.0,1.0,0.05
2026-09-28,momentum-com-teto,PG,COMPRA,149.03,146.123,157.751,3.0,0.55,"preço 2.2% acima da média de 50 dias, dentro do teto de 15%",1000.0,1.0,0.05
2026-09-28,contrarian,BA,COMPRA,184.39,176.4562,208.1915,3.0,0.55,preço 13.7% abaixo da média de 50 dias,1000.0,1.0,0.05
2026-09-28,controlo-sempre-compra,BA,COMPRA,184.39,176.4562,208.1915,3.0,0.5,controlo: compra sempre,1000.0,1.0,0.05
2026-09-28,controlo-moeda-ao-ar,BA,COMPRA,184.39,176.4562,208.1915,3.0,0.5,controlo: moeda ao ar,1000.0,1.0,0.05
2026-09-28,momentum-com-teto,SNDK,COMPRA,1712.89,1542.5017,2224.055,3.0,0.55,"preço 12.4% acima da média de 50 dias, dentro do teto de 15%",1000.0,1.0,0.05
2026-09-28,momentum-com-teto,BE,COMPRA,262.87,234.5487,347.834,3.0,0.55,"preço 14.0% acima da média de 50 dias, dentro do teto de 15%",1000.0,1.0,0.05
2026-09-28,controlo-sempre-compra,COHR,COMPRA,282.45,254.6839,365.7483,3.0,0.5,controlo: compra sempre,1000.0,1.0,0.05
2026-09-28,momentum-com-teto,MRVL,COMPRA,251.9,234.1212,305.2363,3.0,0.55,"preço 13.6% acima da média de 50 dias, dentro do teto de 15%",1000.0,1.0,0.05
2026-09-29,momentum-com-teto,AAPL,COMPRA,329.4,319.3246,359.6262,3.0,0.55,"preço 2.3% acima da média de 50 dias, dentro do teto de 15%",1000.0,1.0,0.05
2026-09-29,contrarian,JPM,COMPRA,334.98,326.9003,359.219,3.0,0.55,preço 5.2% abaixo da média de 50 dias,1000.0,1.0,0.05
2026-09-29,contrarian,GS,COMPRA,916.24,883.3451,1014.9247,3.0,0.55,preço 9.5% abaixo da média de 50 dias,1000.0,1.0,0.05
2026-09-29,controlo-sempre-compra,T,COMPRA,24.48,23.7714,26.6058,3.0,0.5,controlo: compra sempre,1000.0,1.0,0.05
2026-09-29,controlo-moeda-ao-ar,VZ,COMPRA,45.98,44.6968,49.8296,3.0,0.5,controlo: moeda ao ar,1000.0,1.0,0.05
2026-09-29,momentum-com-teto,TSLA,COMPRA,352.84,334.3105,408.4284,3.0,0.55,"preço 1.6% acima da média de 50 dias, dentro do teto de 15%",1000.0,1.0,0.05
2026-09-29,momentum-com-teto,SMCI,COMPRA,41.02,37.4559,51.7123,3.0,0.55,"preço 14.8% acima da média de 50 dias, dentro do teto de 15%",1000.0,1.0,0.05
2026-09-30,controlo-sempre-compra,JPM,COMPRA,330.83,322.7296,355.1311,3.0,0.5,controlo: compra sempre,1000.0,1.0,0.05
2026-09-30,controlo-sempre-compra,BAC,COMPRA,54.43,52.7263,59.5412,3.0,0.5,controlo: compra sempre,1000.0,1.0,0.05
2026-09-30,controlo-sempre-compra,GS,COMPRA,900.36,868.0768,997.2097,3.0,0.5,controlo: compra sempre,1000.0,1.0,0.05
2026-09-30,controlo-moeda-ao-ar,GS,COMPRA,900.36,868.0768,997.2097,3.0,0.5,controlo: moeda ao ar,1000.0,1.0,0.05
2026-09-30,contrarian,MS,COMPRA,188.08,182.5212,204.7564,3.0,0.55,preço 10.6% abaixo da média de 50 dias,1000.0,1.0,0.05
2026-09-30,controlo-sempre-compra,MS,COMPRA,188.08,182.5212,204.7564,3.0,0.5,controlo: compra sempre,1000.0,1.0,0.05
2026-09-30,controlo-moeda-ao-ar,MA,COMPRA,551.47,540.7039,583.7684,3.0,0.5,controlo: moeda ao ar,1000.0,1.0,0.05
2026-09-30,controlo-sempre-compra,KO,COMPRA,86.08,84.7531,90.0608,3.0,0.5,controlo: compra sempre,1000.0,1.0,0.05
2026-09-30,contrarian,MCD,COMPRA,230.94,224.7748,249.4356,3.0,0.55,preço 11.0% abaixo da média de 50 dias,1000.0,1.0,0.05
2026-09-30,controlo-sempre-compra,MCD,COMPRA,230.94,224.7748,249.4356,3.0,0.5,controlo: compra sempre,1000.0,1.0,0.05
2026-09-30,controlo-moeda-ao-ar,NKE,COMPRA,35.4,34.4505,38.2484,3.0,0.5,controlo: moeda ao ar,1000.0,1.0,0.05
2026-09-30,contrarian,APP,COMPRA,290.43,273.0086,342.6941,3.0,0.55,preço 13.5% abaixo da média de 50 dias,1000.0,1.0,0.05
2026-09-30,controlo-sempre-compra,APP,COMPRA,290.43,273.0086,342.6941,3.0,0.5,controlo: compra sempre,1000.0,1.0,0.05
2026-10-01,momentum-2-1,AAPL,COMPRA,330.32,320.7166,349.5268,2.0,0.55,preço 2.5% acima da média de 50 dias,1000.0,1.0,0.05
2026-10-01,momentum-5-1,AAPL,COMPRA,330.32,320.7166,378.3369,5.0,0.55,preço 2.5% acima da média de 50 dias,1000.0,1.0,0.05
2026-10-01,sazonalidade,AAPL,COMPRA,330.32,320.7166,359.1301,3.0,0.55,mês 10 não está entre os 4 piores historicamente (+0.99% de média),1000.0,1.0,0.05
2026-10-01,momentum-2-1,MSFT,COMPRA,512.8,497.2668,543.8663,2.0,0.55,preço 5.8% acima da média de 50 dias,1000.0,1.0,0.05
2026-10-01,sazonalidade,MSFT,COMPRA,512.8,497.2668,559.3995,3.0,0.55,mês 10 não está entre os 4 piores historicamente (+0.99% de média),1000.0,1.0,0.05
2026-10-01,sazonalidade,GOOGL,COMPRA,338.24,327.1609,371.4772,3.0,0.55,mês 10 não está entre os 4 piores historicamente (+0.99% de média),1000.0,1.0,0.05
2026-10-01,sazonalidade,AMZN,COMPRA,248.23,241.484,268.4679,3.0,0.55,mês 10 não está entre os 4 piores historicamente (+0.99% de média),1000.0,1.0,0.05
2026-10-01,sazonalidade,META,COMPRA,725.93,673.4501,883.3697,3.0,0.55,mês 10 não está entre os 4 piores historicamente (+0.99% de média),1000.0,1.0,0.05
2026-10-01,sazonalidade,NVDA,COMPRA,230.86,223.61,252.6099,3.0,0.55,mês 10 não está entre os 4 piores historicamente (+0.99% de média),1000.0,1.0,0.05
2026-10-01,sazonalidade,AMD,COMPRA,615.73,572.6774,744.8877,3.0,0.55,mês 10 não está entre os 4 piores historicamente (+0.99% de média),1000.0,1.0,0.05
2026-10-01,sazonalidade,INTC,COMPRA,120.0,108.6006,154.1981,3.0,0.55,mês 10 não está entre os 4 piores historicamente (+0.99% de média),1000.0,1.0,0.05
2026-10-01,sazonalidade,CRM,COMPRA,236.69,225.5755,270.0334,3.0,0.55,mês 10 não está entre os 4 piores historicamente (+0.99% de média),1000.0,1.0,0.05
2026-10-01,sazonalidade,ORCL,COMPRA,138.07,129.3807,164.1379,3.0,0.55,mês 10 não está entre os 4 piores historicamente (+0.99% de média),1000.0,1.0,0.05
2026-10-01,contrarian,JPM,COMPRA,333.18,324.9348,357.9157,3.0,0.55,preço 5.5% abaixo da média de 50 dias,1000.0,1.0,0.05
2026-10-01,sazonalidade,JPM,COMPRA,333.18,324.9348,357.9157,3.0,0.55,mês 10 não está entre os 4 piores historicamente (+0.99% de média),1000.0,1.0,0.05
2026-10-01,controlo-moeda-ao-ar,JPM,COMPRA,333.18,324.9348,357.9157,3.0,0.5,controlo: moeda ao ar,1000.0,1.0,0.05
2026-10-01,contrarian,BAC,COMPRA,53.73,52.0911,58.6466,3.0,0.55,preço 11.7% abaixo da média de 50 dias,1000.0,1.0,0.05
2026-10-01,sazonalidade,BAC,COMPRA,53.73,52.0911,58.6466,3.0,0.55,mês 10 não está entre os 4 piores historicamente (+0.99% de média),1000.0,1.0,0.05
2026-10-01,controlo-moeda-ao-ar,BAC,COMPRA,53.73,52.0911,58.6466,3.0,0.5,controlo: moeda ao ar,1000.0,1.0,0.05
2026-10-01,contrarian,GS,COMPRA,896.67,864.6521,992.7237,3.0,0.55,preço 10.7% abaixo da média de 50 dias,1000.0,1.0,0.05
2026-10-01,sazonalidade,GS,COMPRA,896.67,864.6521,992.7237,3.0,0.55,mês 10 não está entre os 4 piores historicamente (+0.99% de média),1000.0,1.0,0.05
2026-10-01,contrarian,MS,COMPRA,188.01,182.4937,204.5588,3.0,0.55,preço 10.4% abaixo da média de 50 dias,1000.0,1.0,0.05
2026-10-01,sazonalidade,MS,COMPRA,188.01,182.4937,204.5588,3.0,0.55,mês 10 não está entre os 4 piores historicamente (+0.99% de média),1000.0,1.0,0.05
2026-10-01,controlo-sempre-compra,MS,COMPRA,188.01,182.4937,204.5588,3.0,0.5,controlo: compra sempre,1000.0,1.0,0.05
2026-10-01,sazonalidade,V,COMPRA,359.85,352.726,381.2219,3.0,0.55,mês 10 não está entre os 4 piores historicamente (+0.99% de média),1000.0,1.0,0.05
2026-10-01,sazonalidade,MA,COMPRA,550.0,539.9567,580.1299,3.0,0.55,mês 10 não está entre os 4 piores historicamente (+0.99% de média),1000.0,1.0,0.05
2026-10-01,controlo-sempre-compra,MA,COMPRA,550.0,539.9567,580.1299,3.0,0.5,controlo: compra sempre,1000.0,1.0,0.05
2026-10-01,sazonalidade,JNJ,COMPRA,258.66,253.7159,273.4922,3.0,0.55,mês 10 não está entre os 4 piores historicamente (+0.99% de média),1000.0,1.0,0.05
2026-10-01,controlo-sempre-compra,JNJ,COMPRA,258.66,253.7159,273.4922,3.0,0.5,controlo: compra sempre,1000.0,1.0,0.05
2026-10-01,controlo-moeda-ao-ar,JNJ,COMPRA,258.66,253.7159,273.4922,3.0,0.5,controlo: moeda ao ar,1000.0,1.0,0.05
2026-10-01,momentum-2-1,PFE,COMPRA,28.12,27.6453,29.0693,2.0,0.55,preço 3.1% acima da média de 50 dias,1000.0,1.0,0.05
2026-10-01,sazonalidade,PFE,COMPRA,28.12,27.6453,29.544,3.0,0.55,mês 10 não está entre os 4 piores historicamente (+0.99% de média),1000.0,1.0,0.05
2026-10-01,sazonalidade,UNH,COMPRA,365.2,356.8256,390.3232,3.0,0.55,mês 10 não está entre os 4 piores historicamente (+0.99% de média),1000.0,1.0,0.05
2026-10-01,controlo-sempre-compra,UNH,COMPRA,365.2,356.8256,390.3232,3.0,0.5,controlo: compra sempre,1000.0,1.0,0.05
2026-10-01,sazonalidade,ABBV,COMPRA,259.93,254.3178,276.7666,3.0,0.55,mês 10 não está entre os 4 piores historicamente (+0.99% de média),1000.0,1.0,0.05
2026-10-01,momentum-com-teto,MRK,COMPRA,143.81,140.4156,153.9931,3.0,0.55,"preço 1.7% acima da média de 50 dias, dentro do teto de 15%",1000.0,1.0,0.05
2026-10-01,sazonalidade,MRK,COMPRA,143.81,140.4156,153.9931,3.0,0.55,mês 10 não está entre os 4 piores historicamente (+0.99% de média),1000.0,1.0,0.05
2026-10-01,sazonalidade,LLY,COMPRA,1149.85,1121.4907,1234.928,3.0,0.55,mês 10 não está entre os 4 piores historicamente (+0.99% de média),1000.0,1.0,0.05
2026-10-01,sazonalidade,XOM,COMPRA,163.82,158.6645,179.2866,3.0,0.55,mês 10 não está entre os 4 piores historicamente (+0.99% de média),1000.0,1.0,0.05
2026-10-01,sazonalidade,CVX,COMPRA,207.1,201.2704,224.5889,3.0,0.55,mês 10 não está entre os 4 piores historicamente (+0.99% de média),1000.0,1.0,0.05
2026-10-01,sazonalidade,COP,COMPRA,127.06,121.9213,142.476,3.0,0.55,mês 10 não está entre os 4 piores historicamente (+0.99% de média),1000.0,1.0,0.05
2026-10-01,sazonalidade,KO,COMPRA,86.1,84.7796,90.0613,3.0,0.55,mês 10 não está entre os 4 piores historicamente (+0.99% de média),1000.0,1.0,0.05
2026-10-01,contrarian,PEP,COMPRA,125.6,123.3446,132.3661,3.0,0.55,preço 7.8% abaixo da média de 50 dias,1000.0,1.0,0.05
2026-10-01,sazonalidade,PEP,COMPRA,125.6,123.3446,132.3661,3.0,0.55,mês 10 não está entre os 4 piores historicamente (+0.99% de média),1000.0,1.0,0.05
2026-10-01,controlo-sempre-compra,PEP,COMPRA,125.6,123.3446,132.3661,3.0,0.5,controlo: compra sempre,1000.0,1.0,0.05
2026-10-01,sazonalidade,MCD,COMPRA,231.83,225.5797,250.5808,3.0,0.55,mês 10 não está entre os 4 piores historicamente (+0.99% de média),1000.0,1.0,0.05
2026-10-01,sazonalidade,NKE,COMPRA,35.15,34.2126,37.9621,3.0,0.55,mês 10 não está entre os 4 piores historicamente (+0.99% de média),1000.0,1.0,0.05
2026-10-01,sazonalidade,SBUX,COMPRA,94.88,92.8583,100.9451,3.0,0.55,mês 10 não está entre os 4 piores historicamente (+0.99% de média),1000.0,1.0,0.05
2026-10-01,sazonalidade,WMT,COMPRA,104.26,101.2796,113.2012,3.0,0.55,mês 10 não está entre os 4 piores historicamente (+0.99% de média),1000.0,1.0,0.05
2026-10-01,sazonalidade,COST,COMPRA,914.94,895.4094,973.5319,3.0,0.55,mês 10 não está entre os 4 piores historicamente (+0.99% de média),1000.0,1.0,0.05
2026-10-01,sazonalidade,PG,COMPRA,143.95,140.8993,153.102,3.0,0.55,mês 10 não está entre os 4 piores historicamente (+0.99% de média),1000.0,1.0,0.05
2026-10-01,controlo-sempre-compra,PG,COMPRA,143.95,140.8993,153.102,3.0,0.5,controlo: compra sempre,1000.0,1.0,0.05
2026-10-01,sazonalidade,BA,COMPRA,192.28,183.3088,219.1936,3.0,0.55,mês 10 não está entre os 4 piores historicamente (+0.99% de média),1000.0,1.0,0.05
2026-10-01,sazonalidade,CAT,COMPRA,826.35,800.0794,905.1617,3.0,0.55,mês 10 não está entre os 4 piores historicamente (+0.99% de média),1000.0,1.0,0.05
2026-10-01,sazonalidade,GE,COMPRA,312.39,302.6478,341.6165,3.0,0.55,mês 10 não está entre os 4 piores historicamente (+0.99% de média),1000.0,1.0,0.05
2026-10-01,sazonalidade,DIS,COMPRA,101.33,98.3424,110.2928,3.0,0.55,mês 10 não está entre os 4 piores historicamente (+0.99% de média),1000.0,1.0,0.05
2026-10-01,sazonalidade,T,COMPRA,24.3,23.6012,26.3965,3.0,0.55,mês 10 não está entre os 4 piores historicamente (+0.99% de média),1000.0,1.0,0.05
2026-10-01,controlo-moeda-ao-ar,T,COMPRA,24.3,23.6012,26.3965,3.0,0.5,controlo: moeda ao ar,1000.0,1.0,0.05
2026-10-01,sazonalidade,VZ,COMPRA,45.98,44.7066,49.8003,3.0,0.55,mês 10 não está entre os 4 piores historicamente (+0.99% de média),1000.0,1.0,0.05
2026-10-01,sazonalidade,TSLA,COMPRA,354.11,336.1996,407.8411,3.0,0.55,mês 10 não está entre os 4 piores historicamente (+0.99% de média),1000.0,1.0,0.05
2026-10-01,sazonalidade,SNDK,COMPRA,1787.6899,1614.7754,2306.4334,3.0,0.55,mês 10 não está entre os 4 piores historicamente (+0.99% de média),1000.0,1.0,0.05
2026-10-01,sazonalidade,BE,COMPRA,277.58,244.7591,376.0426,3.0,0.55,mês 10 não está entre os 4 piores historicamente (+0.99% de média),1000.0,1.0,0.05
2026-10-01,sazonalidade,LITE,COMPRA,1045.78,941.0209,1360.0574,3.0,0.55,mês 10 não está entre os 4 piores historicamente (+0.99% de média),1000.0,1.0,0.05
2026-10-01,sazonalidade,SMCI,COMPRA,41.92,38.29,52.8099,3.0,0.55,mês 10 não está entre os 4 piores historicamente (+0.99% de média),1000.0,1.0,0.05
2026-10-01,momentum-simples,COHR,COMPRA,319.19,284.3404,423.7388,3.0,0.55,preço 7.6% acima da média de 50 dias,1000.0,1.0,0.05
2026-10-01,momentum-2-1,COHR,COMPRA,319.19,284.3404,388.8892,2.0,0.55,preço 7.6% acima da média de 50 dias,1000.0,1.0,0.05
2026-10-01,momentum-5-1,COHR,COMPRA,319.19,284.3404,493.438,5.0,0.55,preço 7.6% acima da média de 50 dias,1000.0,1.0,0.05
2026-10-01,momentum-com-teto,COHR,COMPRA,319.19,284.3404,423.7388,3.0,0.55,"preço 7.6% acima da média de 50 dias, dentro do teto de 15%",1000.0,1.0,0.05
2026-10-01,sazonalidade,COHR,COMPRA,319.19,284.3404,423.7388,3.0,0.55,mês 10 não está entre os 4 piores historicamente (+0.99% de média),1000.0,1.0,0.05
2026-10-01,sazonalidade,MU,COMPRA,1097.39,1028.1185,1305.2044,3.0,0.55,mês 10 não está entre os 4 piores historicamente (+0.99% de média),1000.0,1.0,0.05
2026-10-01,sazonalidade,WDC,COMPRA,462.56,434.5311,546.6466,3.0,0.55,mês 10 não está entre os 4 piores historicamente (+0.99% de média),1000.0,1.0,0.05
2026-10-01,sazonalidade,MRVL,COMPRA,268.08,249.5901,323.5498,3.0,0.55,mês 10 não está entre os 4 piores historicamente (+0.99% de média),1000.0,1.0,0.05
2026-10-01,sazonalidade,TER,COMPRA,415.79,380.9376,520.3473,3.0,0.55,mês 10 não está entre os 4 piores historicamente (+0.99% de média),1000.0,1.0,0.05
2026-10-01,sazonalidade,DELL,COMPRA,541.74,495.5941,680.1776,3.0,0.55,mês 10 não está entre os 4 piores historicamente (+0.99% de média),1000.0,1.0,0.05
2026-10-01,sazonalidade,STX,COMPRA,945.57,881.3102,1138.3494,3.0,0.55,mês 10 não está entre os 4 piores historicamente (+0.99% de média),1000.0,1.0,0.05
2026-10-01,sazonalidade,APP,COMPRA,281.31,264.4631,331.8508,3.0,0.55,mês 10 não está entre os 4 piores historicamente (+0.99% de média),1000.0,1.0,0.05
2026-10-01,sazonalidade,HOOD,COMPRA,111.15,99.9255,144.8236,3.0,0.55,mês 10 não está entre os 4 piores historicamente (+0.99% de média),1000.0,1.0,0.05
2026-10-01,momentum-simples,CIEN,COMPRA,379.14,344.8724,481.9429,3.0,0.55,preço 1.3% acima da média de 50 dias,1000.0,1.0,0.05
2026-10-01,momentum-2-1,CIEN,COMPRA,379.14,344.8724,447.6753,2.0,0.55,preço 1.3% acima da média de 50 dias,1000.0,1.0,0.05
2026-10-01,momentum-5-1,CIEN,COMPRA,379.14,344.8724,550.4782,5.0,0.55,preço 1.3% acima da média de 50 dias,1000.0,1.0,0.05
2026-10-01,momentum-com-teto,CIEN,COMPRA,379.14,344.8724,481.9429,3.0,0.55,"preço 1.3% acima da média de 50 dias, dentro do teto de 15%",1000.0,1.0,0.05
2026-10-01,sazonalidade,CIEN,COMPRA,379.14,344.8724,481.9429,3.0,0.55,mês 10 não está entre os 4 piores historicamente (+0.99% de média),1000.0,1.0,0.05
2026-10-01,sazonalidade,GLW,COMPRA,160.42,145.5926,204.9023,3.0,0.55,mês 10 não está entre os 4 piores historicamente (+0.99% de média),1000.0,1.0,0.05
2026-10-01,sazonalidade,COIN,COMPRA,189.29,169.1204,249.7988,3.0,0.55,mês 10 não está entre os 4 piores historicamente (+0.99% de média),1000.0,1.0,0.05
2026-10-01,sazonalidade,RDDT,COMPRA,149.53,140.5402,176.4994,3.0,0.55,mês 10 não está entre os 4 piores historicamente (+0.99% de média),1000.0,1.0,0.05
2026-10-01,sazonalidade,DDOG,COMPRA,276.46,262.269,319.0331,3.0,0.55,mês 10 não está entre os 4 piores historicamente (+0.99% de média),1000.0,1.0,0.05
2026-10-01,sazonalidade,FLEX,COMPRA,112.78,105.8612,133.5363,3.0,0.55,mês 10 não está entre os 4 piores historicamente (+0.99% de média),1000.0,1.0,0.05
2026-10-01,sazonalidade,P,COMPRA,134.13,123.0113,167.486,3.0,0.55,mês 10 não está entre os 4 piores historicamente (+0.99% de média),1000.0,1.0,0.05
2026-10-02,momentum-2-1,PFE,COMPRA,27.8,27.3198,28.7603,2.0,0.55,preço 1.7% acima da média de 50 dias,1000.0,1.0,0.05
2026-10-02,sazonalidade,PFE,COMPRA,27.8,27.3198,29.2405,3.0,0.55,mês 10 não está entre os 4 piores historicamente (+0.99% de média),1000.0,1.0,0.05
2026-10-02,momentum-com-teto,ABBV,COMPRA,262.82,257.0365,280.1704,3.0,0.55,"preço 1.9% acima da média de 50 dias, dentro do teto de 15%",1000.0,1.0,0.05
2026-10-02,controlo-moeda-ao-ar,PEP,COMPRA,125.89,123.5928,132.7815,3.0,0.5,controlo: moeda ao ar,1000.0,1.0,0.05
2026-10-02,contrarian,NKE,COMPRA,33.87,32.8906,36.8081,3.0,0.55,preço 12.5% abaixo da média de 50 dias,1000.0,1.0,0.05
2026-10-02,sazonalidade,NKE,COMPRA,33.87,32.8906,36.8081,3.0,0.55,mês 10 não está entre os 4 piores historicamente (+0.99% de média),1000.0,1.0,0.05
2026-10-02,controlo-sempre-compra,NKE,COMPRA,33.87,32.8906,36.8081,3.0,0.5,controlo: compra sempre,1000.0,1.0,0.05
2026-10-02,controlo-moeda-ao-ar,NKE,COMPRA,33.87,32.8906,36.8081,3.0,0.5,controlo: moeda ao ar,1000.0,1.0,0.05
2026-10-02,controlo-moeda-ao-ar,PG,COMPRA,144.91,141.8089,154.2133,3.0,0.5,controlo: moeda ao ar,1000.0,1.0,0.05
2026-10-02,momentum-simples,CAT,COMPRA,845.42,817.5352,929.0745,3.0,0.55,preço 2.7% acima da média de 50 dias,1000.0,1.0,0.05
2026-10-02,momentum-2-1,CAT,COMPRA,845.42,817.5352,901.1897,2.0,0.55,preço 2.7% acima da média de 50 dias,1000.0,1.0,0.05
2026-10-02,momentum-5-1,CAT,COMPRA,845.42,817.5352,984.8442,5.0,0.55,preço 2.7% acima da média de 50 dias,1000.0,1.0,0.05
2026-10-02,momentum-com-teto,CAT,COMPRA,845.42,817.5352,929.0745,3.0,0.55,"preço 2.7% acima da média de 50 dias, dentro do teto de 15%",1000.0,1.0,0.05
2026-10-02,contrarian,WDC,COMPRA,415.29,383.6428,510.2317,3.0,0.55,preço 10.9% abaixo da média de 50 dias,1000.0,1.0,0.05
2026-10-02,sazonalidade,WDC,COMPRA,415.29,383.6428,510.2317,3.0,0.55,mês 10 não está entre os 4 piores historicamente (+0.99% de média),1000.0,1.0,0.05
2026-10-02,controlo-sempre-compra,WDC,COMPRA,415.29,383.6428,510.2317,3.0,0.5,controlo: compra sempre,1000.0,1.0,0.05
2026-10-02,controlo-moeda-ao-ar,WDC,COMPRA,415.29,383.6428,510.2317,3.0,0.5,controlo: moeda ao ar,1000.0,1.0,0.05
2026-10-02,momentum-2-1,TER,COMPRA,449.04,409.2043,528.7114,2.0,0.55,preço 19.8% acima da média de 50 dias,1000.0,1.0,0.05
2026-10-02,sazonalidade,STX,COMPRA,848.99,777.871,1062.3471,3.0,0.55,mês 10 não está entre os 4 piores historicamente (+0.99% de média),1000.0,1.0,0.05
2026-10-02,controlo-sempre-compra,STX,COMPRA,848.99,777.871,1062.3471,3.0,0.5,controlo: compra sempre,1000.0,1.0,0.05
2026-10-02,controlo-moeda-ao-ar,STX,COMPRA,848.99,777.871,1062.3471,3.0,0.5,controlo: moeda ao ar,1000.0,1.0,0.05
2026-10-02,contrarian,APP,COMPRA,268.22,251.4719,318.4642,3.0,0.55,preço 18.9% abaixo da média de 50 dias,1000.0,1.0,0.05
2026-10-02,controlo-sempre-compra,APP,COMPRA,268.22,251.4719,318.4642,3.0,0.5,controlo: compra sempre,1000.0,1.0,0.05
2026-10-02,controlo-moeda-ao-ar,APP,COMPRA,268.22,251.4719,318.4642,3.0,0.5,controlo: moeda ao ar,1000.0,1.0,0.05
2026-10-02,momentum-simples,FLEX,COMPRA,116.61,109.3188,138.4837,3.0,0.55,preço 2.2% acima da média de 50 dias,1000.0,1.0,0.05
2026-10-02,momentum-2-1,FLEX,COMPRA,116.61,109.3188,131.1925,2.0,0.55,preço 2.2% acima da média de 50 dias,1000.0,1.0,0.05
2026-10-02,momentum-5-1,FLEX,COMPRA,116.61,109.3188,153.0662,5.0,0.55,preço 2.2% acima da média de 50 dias,1000.0,1.0,0.05
2026-10-02,momentum-com-teto,FLEX,COMPRA,116.61,109.3188,138.4837,3.0,0.55,"preço 2.2% acima da média de 50 dias, dentro do teto de 15%",1000.0,1.0,0.05
2026-10-02,momentum-2-1,P,COMPRA,140.14,128.7328,162.9543,2.0,0.55,preço 37.3% acima da média de 50 dias,1000.0,1.0,0.05
2026-10-05,momentum-simples,MSFT,COMPRA,525.18,511.0209,567.6573,3.0,0.55,preço 7.1% acima da média de 50 dias,1000.0,1.0,0.05
2026-10-05,controlo-sempre-compra,MSFT,COMPRA,525.18,511.0209,567.6573,3.0,0.5,controlo: compra sempre,1000.0,1.0,0.05
2026-10-05,momentum-com-teto,INTC,COMPRA,116.19,105.0419,149.6344,3.0,0.55,"preço 14.6% acima da média de 50 dias, dentro do teto de 15%",1000.0,1.0,0.05
2026-10-05,controlo-moeda-ao-ar,MS,COMPRA,190.19,185.104,205.4481,3.0,0.5,controlo: moeda ao ar,1000.0,1.0,0.05
2026-10-05,sazonalidade,JNJ,COMPRA,252.93,248.3553,266.6541,3.0,0.55,mês 10 não está entre os 4 piores historicamente (+0.99% de média),1000.0,1.0,0.05
2026-10-05,controlo-sempre-compra,JNJ,COMPRA,252.93,248.3553,266.6541,3.0,0.5,controlo: compra sempre,1000.0,1.0,0.05
2026-10-05,controlo-moeda-ao-ar,JNJ,COMPRA,252.93,248.3553,266.6541,3.0,0.5,controlo: moeda ao ar,1000.0,1.0,0.05
2026-10-05,sazonalidade,PFE,COMPRA,27.41,26.9307,28.8478,3.0,0.55,mês 10 não está entre os 4 piores historicamente (+0.99% de média),1000.0,1.0,0.05
2026-10-05,controlo-moeda-ao-ar,UNH,COMPRA,378.58,368.5744,408.5967,3.0,0.5,controlo: moeda ao ar,1000.0,1.0,0.05
2026-10-05,sazonalidade,MRK,COMPRA,139.54,135.7889,150.7933,3.0,0.55,mês 10 não está entre os 4 piores historicamente (+0.99% de média),1000.0,1.0,0.05
2026-10-05,controlo-moeda-ao-ar,KO,COMPRA,86.51,85.1675,90.5376,3.0,0.5,controlo: moeda ao ar,1000.0,1.0,0.05
2026-10-05,contrarian,NKE,COMPRA,33.96,32.9694,36.9319,3.0,0.55,preço 12.0% abaixo da média de 50 dias,1000.0,1.0,0.05
2026-10-05,sazonalidade,NKE,COMPRA,33.96,32.9694,36.9319,3.0,0.55,mês 10 não está entre os 4 piores historicamente (+0.99% de média),1000.0,1.0,0.05
2026-10-05,controlo-sempre-compra,NKE,COMPRA,33.96,32.9694,36.9319,3.0,0.5,controlo: compra sempre,1000.0,1.0,0.05
2026-10-05,contrarian,VZ,COMPRA,45.85,44.6049,49.5852,3.0,0.55,preço 5.1% abaixo da média de 50 dias,1000.0,1.0,0.05
2026-10-05,momentum-2-1,LITE,COMPRA,1091.67,984.0672,1306.8756,2.0,0.55,preço 23.3% acima da média de 50 dias,1000.0,1.0,0.05
2026-10-05,momentum-simples,STX,COMPRA,887.09,814.9082,1103.6355,3.0,0.55,preço 3.8% acima da média de 50 dias,1000.0,1.0,0.05
2026-10-05,momentum-2-1,STX,COMPRA,887.09,814.9082,1031.4537,2.0,0.55,preço 3.8% acima da média de 50 dias,1000.0,1.0,0.05
2026-10-05,momentum-5-1,STX,COMPRA,887.09,814.9082,1247.9992,5.0,0.55,preço 3.8% acima da média de 50 dias,1000.0,1.0,0.05
2026-10-05,momentum-com-teto,STX,COMPRA,887.09,814.9082,1103.6355,3.0,0.55,"preço 3.8% acima da média de 50 dias, dentro do teto de 15%",1000.0,1.0,0.05
