data,ticker,abertura,maximo,minimo,fecho,volume
2026-09-15,AAPL,,,,330.18,17906525
2026-09-16,AAPL,332.42,335.48,330.7,332.41,35923957
2026-09-16,MSFT,493.17,495.92,487.23,490.3,16615237
2026-09-16,GOOGL,346.98,348.4,340.64,342.87,18865340
2026-09-16,AMZN,248.2,249.26,244.3,245.96,33329699
2026-09-16,META,679.75,685.31,671.9142,673.31,17169529
2026-09-16,NVDA,214.14,216.76,212.5,213.9,96113489
2026-09-16,AMD,517.25,527.25,506.05,512.5,22200017
2026-09-16,INTC,101.4,104.42,99.29,101.05,119233579
2026-09-16,CRM,251.85,256.4,249.6,250.54,9423825
2026-09-16,ORCL,140.03,146.5,139.0,143.16,34210956
2026-09-16,JPM,353.38,355.6,344.685,348.92,8303359
2026-09-16,BAC,59.27,59.39,57.18,57.9,50082472
2026-09-16,GS,981.46,984.66,932.3701,937.98,3546168
2026-09-16,MS,207.87,208.08,200.63,202.42,6999583
2026-09-16,V,374.96,376.4746,368.12,370.93,7202297
2026-09-16,MA,571.59,573.04,565.32,567.75,2385308
2026-09-16,JNJ,266.81,268.6499,266.295,267.28,4887349
2026-09-16,PFE,27.64,27.69,27.36,27.46,26040913
2026-09-16,UNH,375.9,380.18,373.63,375.26,4414885
2026-09-16,ABBV,261.99,264.0,260.975,262.51,3117811
2026-09-16,MRK,143.96,144.97,143.5,144.91,7227209
2026-09-16,LLY,1137.3101,1151.23,1132.63,1137.8199,1475471
2026-09-16,XOM,167.23,167.495,162.56,163.32,13437842
2026-09-16,CVX,215.09,215.275,210.365,211.54,8045164
2026-09-16,COP,138.42,139.19,132.38,132.54,9045920
2026-09-16,KO,88.48,88.66,87.74,87.87,17074807
2026-09-16,PEP,135.415,136.05,134.235,134.34,6881139
2026-09-16,MCD,252.26,253.16,247.83,248.56,7122826
2026-09-16,NKE,36.375,36.51,35.76,35.78,30437906
2026-09-16,SBUX,97.385,98.34,96.08,97.34,9300890
2026-09-16,WMT,108.315,108.675,107.45,107.5,15137240
2026-09-16,COST,901.05,902.0,892.68,893.74,2097220
2026-09-16,PG,146.83,148.23,146.64,147.02,6949750
2026-09-16,BA,210.19,212.2129,197.02,201.96,12845697
2026-09-16,CAT,797.0,798.05,774.475,782.72,2645330
2026-09-16,GE,310.175,318.49,308.69,312.9,4524647
2026-09-16,DIS,106.475,108.335,106.23,106.99,10105714
2026-09-16,T,26.615,26.835,25.65,25.86,37791405
2026-09-16,VZ,51.25,51.56,49.325,49.76,24326582
2026-09-16,TSLA,357.71,365.0499,354.8913,358.08,32039274
2026-09-17,AAPL,334.755,338.34,330.1937,337.0,36423997
2026-09-17,MSFT,497.795,501.47,493.275,497.75,17779010
2026-09-17,GOOGL,348.67,349.5,343.8857,347.33,19151604
2026-09-17,AMZN,251.13,252.73,249.24,251.19,29639613
2026-09-17,META,682.44,683.2,667.05,682.31,15740199
2026-09-17,NVDA,218.388,219.9,217.145,219.34,92845751
2026-09-17,AMD,533.9,551.42,527.65,545.09,28330537
2026-09-17,INTC,104.78,111.37,104.7,108.8,147854414
2026-09-17,CRM,244.18,246.915,241.52,242.85,15020557
2026-09-17,ORCL,146.75,152.0,146.152,150.59,26852977
2026-09-17,JPM,352.245,353.49,345.28,349.31,6461018
2026-09-17,BAC,58.4,58.495,57.42,58.18,36369606
2026-09-17,GS,940.1,957.97,922.0,951.47,3233941
2026-09-17,MS,205.05,205.05,200.2598,203.52,4803958
2026-09-17,V,371.375,372.48,368.39,369.93,4659261
2026-09-17,MA,568.07,569.86,564.07,565.73,2016973
2026-09-17,JNJ,268.0,270.87,267.255,270.22,6377482
2026-09-17,PFE,27.62,27.81,27.55,27.64,28863170
2026-09-17,UNH,376.45,380.45,374.2,375.21,4712779
2026-09-17,ABBV,262.61,264.62,260.88,264.02,3464336
2026-09-17,MRK,145.74,147.65,145.323,147.15,10176896
2026-09-17,LLY,1150.27,1159.75,1138.26,1152.4399,1895707
2026-09-17,XOM,161.83,163.385,161.445,163.27,10901091
2026-09-17,CVX,209.61,211.75,209.17,211.57,7383694
2026-09-17,COP,131.3,133.4,130.97,133.19,7285045
2026-09-17,KO,88.075,88.326,87.51,88.06,16243022
2026-09-17,PEP,134.75,134.91,132.93,133.66,10109597
2026-09-17,MCD,250.3,250.5995,248.1,248.48,4887046
2026-09-17,NKE,36.5,36.8,35.73,36.36,44560211
2026-09-17,SBUX,98.3431,98.68,96.3,96.67,6537216
2026-09-17,WMT,107.69,107.76,106.15,106.79,19130523
2026-09-17,COST,895.315,895.9999,888.06,893.93,2296364
2026-09-17,PG,147.59,147.78,146.35,147.55,6442201
2026-09-17,BA,202.25,203.6426,197.0,197.0,11740957
2026-09-17,CAT,813.95,813.95,795.06,798.57,2366395
2026-09-17,GE,316.79,318.68,313.47,313.47,5099181
2026-09-17,DIS,107.59,107.71,105.32,105.35,7785126
2026-09-17,T,25.98,26.04,25.34,25.39,37329232
2026-09-17,VZ,49.9,49.98,48.32,48.33,28547201
2026-09-17,TSLA,367.59,374.12,363.22,366.2,38770658
2026-09-18,AAPL,337.91,338.49,332.53,336.13,86433100
2026-09-18,MSFT,497.97,498.65,491.1,493.78,39544100
2026-09-18,GOOGL,357.31,359.44,348.45,349.54,47526100
2026-09-18,AMZN,252.92,255.43,251.88,253.71,52148900
2026-09-18,META,688.62,690.15,660.8,665.75,27548000
2026-09-18,NVDA,219.35,222.73,218.03,222.27,189683500
2026-09-18,AMD,547.37,559.91,541.53,559.82,31785700
2026-09-18,INTC,109.8,110.49,106.4,108.6,174679000
2026-09-18,CRM,244.25,244.25,236.55,237.92,21947900
2026-09-18,ORCL,150.47,150.9,144.4,147.61,39215400
2026-09-18,JPM,347.89,349.67,345.01,349.67,18290400
2026-09-18,BAC,57.52,58.23,57.52,57.73,52425000
2026-09-18,GS,948.96,952.99,939.55,942.0,3980200
2026-09-18,MS,202.1,203.05,200.85,202.58,7435500
2026-09-18,V,368.56,370.8,366.93,368.29,19569700
2026-09-18,MA,564.95,568.43,561.9,565.24,5439800
2026-09-18,JNJ,269.45,272.11,267.2,269.99,16409300
2026-09-18,PFE,27.64,27.66,27.34,27.66,75539800
2026-09-18,UNH,375.29,378.49,372.42,376.9,8606300
2026-09-18,ABBV,263.29,266.34,262.44,263.96,8162700
2026-09-18,MRK,147.08,147.84,145.74,146.87,31139100
2026-09-18,LLY,1150.0,1157.6,1140.27,1152.9301,4542600
2026-09-18,XOM,162.5,163.54,161.31,163.54,37605100
2026-09-18,CVX,211.09,211.9,207.31,209.51,47279400
2026-09-18,COP,132.84,133.33,131.48,131.83,18510100
2026-09-18,KO,87.8,88.29,87.52,88.25,28016400
2026-09-18,PEP,132.21,132.3,129.55,129.75,23515800
2026-09-18,MCD,248.27,250.45,247.65,248.24,9565500
2026-09-18,NKE,36.27,36.68,35.5,35.51,51821000
2026-09-18,SBUX,96.4,96.56,95.11,95.83,13081300
2026-09-18,WMT,106.24,107.72,106.17,106.73,45292900
2026-09-18,COST,892.43,898.4,890.55,895.31,4175000
2026-09-18,PG,146.44,146.7,145.49,146.39,12926000
2026-09-18,BA,196.83,199.63,195.46,198.2,9814400
2026-09-18,CAT,800.79,809.49,799.57,808.99,4786800
2026-09-18,GE,313.63,314.53,309.62,314.27,10440000
2026-09-18,DIS,105.05,105.05,102.37,102.67,19115700
2026-09-18,T,25.08,25.64,25.06,25.4,84345600
2026-09-18,VZ,47.5,48.19,47.2,48.09,45485700
2026-09-18,TSLA,369.0,370.9,360.75,364.27,51819200
2026-09-18,MRNA,158.355,159.79,150.26,154.04,20229600
2026-09-18,SNDK,1625.2,1797.0,1616.0,1791.8199,17693500
2026-09-18,BE,284.32,285.1,265.0,265.63,73384100
2026-09-18,LITE,915.66,951.6,896.0,930.91,9259400
2026-09-18,SMCI,40.2,40.41,38.32,39.09,47970800
2026-09-18,COHR,305.73,318.45,302.11,317.36,10161600
2026-09-18,MU,984.72,1016.44,977.83,1015.8,35656400
2026-09-18,WDC,427.5,448.85,424.55,441.36,13506300
2026-09-18,MRVL,242.06,244.44,235.96,244.25,23546400
2026-09-18,TER,359.24,371.71,356.97,371.47,4289900
2026-09-18,DELL,593.15,595.51,568.06,568.06,11709400
2026-09-18,STX,814.69,872.0,807.03,858.79,6966500
2026-09-18,APP,323.39,328.15,307.76,308.06,10936300
2026-09-18,HOOD,113.34,120.57,111.06,119.82,39224600
2026-09-18,CIEN,355.87,358.0,338.25,348.8,4863900
2026-09-18,GLW,152.0,153.77,148.68,150.13,14468700
2026-09-18,COIN,178.16,196.21,177.67,194.25,21861700
2026-09-18,RDDT,152.69,154.1,150.2,150.85,13889200
2026-09-18,DDOG,238.46,238.96,228.6,229.92,5189100
2026-09-18,FLEX,109.55,109.64,107.51,108.51,9526600
2026-09-21,AAPL,335.2,339.64,333.05,338.98,34913171
2026-09-21,MSFT,495.58,501.87,491.33,501.61,26347908
2026-09-21,GOOGL,350.67,357.58,349.1,354.97,28211544
2026-09-21,AMZN,256.52,259.49,253.6,258.45,40769944
2026-09-21,META,680.38,753.0,679.6,741.245,48450536
2026-09-21,NVDA,222.935,228.5,221.56,227.38,109274173
2026-09-21,AMD,583.94,616.68,582.27,615.52,44156939
2026-09-21,INTC,116.59,124.727,114.93,121.78,188716510
2026-09-21,CRM,239.8,241.335,236.29,236.42,10030891
2026-09-21,ORCL,148.93,149.97,146.17,148.56,21730847
2026-09-21,JPM,353.67,354.5,350.08,352.04,6359708
2026-09-21,BAC,58.05,58.28,57.465,57.96,32099655
2026-09-21,GS,956.495,962.22,942.759,959.39,1805518
2026-09-21,MS,205.49,206.66,203.18,206.12,4040403
2026-09-21,V,369.54,370.604,366.09,369.95,6786921
2026-09-21,MA,567.11,568.71,562.4,567.65,2480545
2026-09-21,JNJ,271.74,273.73,268.59,269.47,4220862
2026-09-21,PFE,27.65,27.92,27.53,27.74,28519054
2026-09-21,UNH,377.87,378.95,373.82,377.56,4971452
2026-09-21,ABBV,263.07,266.5998,261.23,264.48,3262497
2026-09-21,MRK,146.785,150.49,145.61,149.5,7661468
2026-09-21,LLY,1144.495,1170.8999,1134.64,1164.89,2228492
2026-09-21,XOM,160.96,161.9499,157.95,158.3,15225043
2026-09-21,CVX,207.89,208.95,203.5,203.67,8455904
2026-09-21,COP,130.28,130.95,127.2625,127.53,5873073
2026-09-21,KO,88.32,88.5,87.12,87.12,17645282
2026-09-21,PEP,129.65,130.22,127.98,129.59,11602676
2026-09-21,MCD,249.41,250.36,246.5209,247.88,5981174
2026-09-21,NKE,35.524,36.355,35.35,36.1,41484306
2026-09-21,SBUX,95.13,96.44,93.625,94.9,7055713
2026-09-21,WMT,106.16,107.7599,106.12,107.44,22725687
2026-09-21,COST,891.07,899.44,885.5,898.48,2102916
2026-09-21,PG,146.49,146.805,145.63,146.08,5703641
2026-09-21,BA,200.45,202.2,198.14,201.15,6212014
2026-09-21,CAT,827.0,827.0,805.2474,816.5,1836129
2026-09-21,GE,317.54,322.14,313.81,319.01,3676683
2026-09-21,DIS,103.48,104.59,103.18,104.23,7019663
2026-09-21,T,25.75,25.8,25.315,25.45,34545536
2026-09-21,VZ,48.18,48.35,47.56,47.68,19883271
2026-09-21,TSLA,371.64,378.36,371.1,375.3,36296184
2026-09-21,SNDK,1826.66,1834.49,1737.0101,1766.64,10340082
2026-09-21,BE,270.0,282.0,265.36,272.89,14493362
2026-09-21,LITE,958.93,983.4499,946.01,954.49,4710193
2026-09-21,SMCI,40.63,41.7199,40.0,41.2,47696820
2026-09-21,COHR,326.48,332.86,316.635,321.52,7385381
2026-09-21,MU,1044.75,1064.49,1030.6801,1043.96,27268696
2026-09-21,WDC,455.09,460.49,437.2001,448.17,7457670
2026-09-21,MRVL,251.62,261.18,245.0,257.38,21271745
2026-09-21,TER,380.0,384.96,370.88,381.54,3386834
2026-09-21,DELL,586.77,592.44,567.435,575.31,7599722
2026-09-21,STX,894.27,914.82,861.9601,877.325,4181571
2026-09-21,APP,308.69,336.94,306.8,330.17,5966341
2026-09-21,HOOD,125.09,126.41,121.51,123.3,28051623
2026-09-21,CIEN,365.05,367.62,356.46,365.96,2846138
2026-09-21,GLW,156.37,159.87,151.92,158.98,8726570
2026-09-21,COIN,205.5,208.33,200.655,201.05,14434173
2026-09-21,RDDT,152.67,160.35,151.78,158.73,5314101
2026-09-21,DDOG,229.73,245.3,226.8325,245.05,2864767
2026-09-21,FLEX,110.48,111.97,107.8,111.61,2883415
2026-09-21,P,105.5,113.715,104.4,113.66,7090749
2026-09-22,AAPL,340.33,345.34,338.75,339.75,40599377
2026-09-22,MSFT,507.515,508.5,493.65,498.0,20867650
2026-09-22,GOOGL,357.905,364.17,350.22,351.16,29504115
2026-09-22,AMZN,255.38,259.0,253.79,254.98,41258805
2026-09-22,META,731.475,757.27,730.0,736.595,27915040
2026-09-22,NVDA,226.91,229.98,226.5,228.87,93296546
2026-09-22,AMD,607.1,624.52,606.3125,623.77,28045099
2026-09-22,INTC,120.11,124.09,120.075,123.86,107684537
2026-09-22,CRM,241.5,242.42,229.81,233.28,11888034
2026-09-22,ORCL,151.25,153.6,148.6,149.2,30813324
2026-09-22,JPM,352.0,352.1025,337.3,340.0,11403647
2026-09-22,BAC,58.1,58.11,56.065,56.2,43683069
2026-09-22,GS,967.39,967.39,936.775,949.49,2033514
2026-09-22,MS,205.57,206.753,198.21,200.18,7791192
2026-09-22,V,371.76,372.0,359.8,362.04,8765900
2026-09-22,MA,571.18,571.35,553.115,555.89,3777854
2026-09-22,JNJ,267.51,270.1,265.04,269.19,5650552
2026-09-22,PFE,27.74,27.99,27.495,27.93,26652345
2026-09-22,UNH,381.39,381.39,372.41,372.95,4485262
2026-09-22,ABBV,263.1,266.82,262.21,265.21,2757784
2026-09-22,MRK,148.69,153.57,148.04,150.91,11104654
2026-09-22,LLY,1146.15,1180.47,1139.3341,1170.14,2429845
2026-09-22,XOM,157.53,159.97,155.85,158.71,14175021
2026-09-22,CVX,201.87,204.44,200.78,202.41,9340485
2026-09-22,COP,125.98,127.26,124.4926,125.27,9027680
2026-09-22,KO,87.6,88.97,87.455,88.61,17226641
2026-09-22,PEP,130.41,131.41,129.93,131.19,7687572
2026-09-22,MCD,250.68,252.045,249.37,250.35,4973252
2026-09-22,NKE,36.95,37.035,35.9401,36.1,31246426
2026-09-22,SBUX,95.92,96.04,94.63,95.11,8247017
2026-09-22,WMT,108.238,110.1869,107.61,110.12,19343952
2026-09-22,COST,902.255,903.36,895.84,899.41,1978612
2026-09-22,PG,147.42,148.24,146.95,148.22,5616355
2026-09-22,BA,203.0,203.3293,197.17,197.72,7776656
2026-09-22,CAT,806.06,812.4595,802.61,808.01,2061499
2026-09-22,GE,322.33,322.5,314.36,319.22,3358649
2026-09-22,DIS,105.1,105.1,103.33,103.82,7172376
2026-09-22,T,25.565,25.61,24.98,25.1,35565986
2026-09-22,VZ,47.78,47.79,46.1701,46.45,32582196
2026-09-22,TSLA,379.069,380.4175,372.88,378.9,28089930
2026-09-22,SNDK,1758.55,1909.48,1758.14,1887.04,12806071
2026-09-22,BE,274.16,284.25,269.0,276.53,10554045
2026-09-22,LITE,937.685,1002.0,934.38,945.67,4316151
2026-09-22,SMCI,41.26,41.7399,40.45,41.54,30026695
2026-09-22,COHR,310.285,323.4299,305.0,310.39,7414002
2026-09-22,MU,1033.28,1097.25,1030.015,1096.16,28773640
2026-09-22,WDC,438.58,474.54,438.0,464.6,8390219
2026-09-22,MRVL,255.25,266.0,254.0,262.36,19713392
2026-09-22,TER,373.0,399.4,370.45,398.69,2315360
2026-09-22,DELL,569.8,574.6,547.71,548.92,9687163
2026-09-22,STX,856.39,936.94,856.39,919.84,5266293
2026-09-22,APP,333.57,333.57,323.68,328.73,3368623
2026-09-22,HOOD,123.0,126.16,122.46,124.25,15960163
2026-09-22,CIEN,364.31,376.74,363.14,368.56,2399231
2026-09-22,GLW,157.23,160.709,155.15,159.69,6712031
2026-09-22,COIN,199.395,203.0,197.2,201.07,7229736
2026-09-22,RDDT,161.28,161.67,152.34,155.67,4227744
2026-09-22,DDOG,246.0,249.91,244.13,247.475,2822910
2026-09-22,FLEX,110.46,114.99,110.01,114.45,2731089
2026-09-22,P,111.39,111.39,107.28,110.89,5870282
2026-09-23,AAPL,341.075,341.8,335.61,337.02,31482942
2026-09-23,MSFT,500.755,509.44,495.9,500.59,19296597
2026-09-23,GOOGL,349.78,350.0,337.45,337.83,35324218
2026-09-23,AMZN,253.33,253.81,247.76,249.27,43691413
2026-09-23,META,747.95,763.9,739.51,744.1,30241497
2026-09-23,NVDA,228.08,228.95,224.02,225.51,86851377
2026-09-23,AMD,622.15,624.6899,608.09,614.61,16270327
2026-09-23,INTC,123.81,124.25,119.44,122.6,84944757
2026-09-23,CRM,234.415,241.12,234.24,237.58,11560689
2026-09-23,ORCL,148.3,148.662,144.23,144.56,22280238
2026-09-23,JPM,337.61,341.43,336.981,337.53,7050878
2026-09-23,BAC,55.92,56.475,55.735,56.0,36201887
2026-09-23,GS,940.73,954.53,933.675,936.36,2089762
2026-09-23,MS,198.5,201.12,197.94,198.39,4340953
2026-09-23,V,361.24,366.33,360.0,361.52,5124711
2026-09-23,MA,555.78,565.75,554.26,559.92,2876588
2026-09-23,JNJ,269.47,272.14,266.54,269.17,6367168
2026-09-23,PFE,27.96,28.23,27.84,28.18,32613293
2026-09-23,UNH,370.89,372.61,366.0,371.29,3858910
2026-09-23,ABBV,266.0,269.39,263.5885,265.08,3445541
2026-09-23,MRK,151.315,151.52,146.89,148.08,9630737
2026-09-23,LLY,1174.71,1188.88,1145.98,1150.99,2152646
2026-09-23,XOM,159.62,162.1199,159.4206,161.23,12564657
2026-09-23,CVX,204.46,207.0,203.48,205.51,8247575
2026-09-23,COP,126.2,129.06,125.875,128.09,5059338
2026-09-23,KO,88.95,88.995,87.6098,88.09,12965935
2026-09-23,PEP,131.085,131.39,129.215,130.18,8171262
2026-09-23,MCD,250.29,250.32,234.04,238.32,16508084
2026-09-23,NKE,36.42,36.62,35.605,36.05,40103087
2026-09-23,SBUX,95.1,95.5,93.15,94.14,7857641
2026-09-23,WMT,110.37,111.23,109.49,110.53,20177395
2026-09-23,COST,901.31,905.59,893.36,904.7,2278732
2026-09-23,PG,147.87,148.93,147.1475,147.39,6566772
2026-09-23,BA,197.975,204.065,197.975,199.93,9994448
2026-09-23,CAT,803.97,816.76,798.53,812.02,2711623
2026-09-23,GE,318.4,325.92,317.62,319.8,4352332
2026-09-23,DIS,103.26,104.62,102.705,103.46,8188522
2026-09-23,T,25.13,25.59,24.9428,25.3,43011904
2026-09-23,VZ,46.6,47.105,46.165,46.52,20616716
2026-09-23,TSLA,379.935,386.7,377.575,380.12,32914670
2026-09-23,SNDK,1895.0,1902.22,1803.67,1816.5699,7672720
2026-09-23,BE,276.965,282.635,271.025,275.19,8157245
2026-09-23,LITE,946.56,960.0,924.55,937.0,3265565
2026-09-23,SMCI,42.32,42.7,40.8,41.44,40772804
2026-09-23,COHR,312.12,312.2398,298.4792,300.6,5688969
2026-09-23,MU,1099.9399,1105.4999,1064.25,1071.88,21405071
2026-09-23,WDC,462.94,475.6599,445.02,473.69,5011141
2026-09-23,MRVL,262.12,264.95,256.22,260.9,13589340
2026-09-23,TER,397.68,398.68,378.31,389.14,2007525
2026-09-23,DELL,559.0,570.72,542.2303,549.83,8218969
2026-09-23,STX,913.2,926.9138,885.0,923.86,3216535
2026-09-23,APP,315.9,316.5,304.77,315.25,6775407
2026-09-23,HOOD,122.574,126.73,122.28,122.7,19001709
2026-09-23,CIEN,368.64,368.72,351.53,355.91,1849630
2026-09-23,GLW,160.16,160.53,153.6261,154.48,5517540
2026-09-23,COIN,197.71,204.5,195.64,198.13,7141031
2026-09-23,RDDT,154.01,154.94,147.77,151.98,4565993
2026-09-23,DDOG,251.61,256.71,247.6,251.49,2717976
2026-09-23,FLEX,114.07,115.76,111.67,112.3,3916927
2026-09-23,P,111.14,112.0,107.1,109.65,3737368
2026-09-24,AAPL,336.32,338.91,334.3,335.92,24364559
2026-09-24,MSFT,495.39,498.88,491.22,497.93,16611248
2026-09-24,GOOGL,336.235,343.09,336.0201,342.36,23558214
2026-09-24,AMZN,245.97,250.43,245.605,249.38,32701576
2026-09-24,META,744.35,779.8192,743.006,777.59,34646511
2026-09-24,NVDA,222.116,224.9,221.0908,224.58,76420503
2026-09-24,AMD,600.755,630.79,599.35,629.26,25202032
2026-09-24,INTC,120.61,127.435,119.55,127.39,118581605
2026-09-24,CRM,240.64,242.01,237.0,238.22,9447985
2026-09-24,ORCL,137.32,140.34,133.48,139.54,56326792
2026-09-24,JPM,338.12,339.37,335.28,338.56,6931795
2026-09-24,BAC,56.39,56.53,55.84,56.03,40930966
2026-09-24,GS,931.0,933.41,914.68,923.29,2338748
2026-09-24,MS,197.4,198.3,194.75,196.32,5194553
2026-09-24,V,362.27,368.21,362.0,367.98,4414963
2026-09-24,MA,561.0,568.18,559.68,566.08,2150123
2026-09-24,JNJ,269.52,275.23,269.01,270.68,6155759
2026-09-24,PFE,28.2,28.85,28.2,28.41,33375760
2026-09-24,UNH,371.92,375.28,368.501,375.01,4641711
2026-09-24,ABBV,265.37,267.41,263.09,265.12,3430526
2026-09-24,MRK,148.165,151.46,147.9,147.98,10325177
2026-09-24,LLY,1156.67,1197.75,1151.0127,1181.89,2408724
2026-09-24,XOM,163.055,164.9099,161.2,162.14,12406039
2026-09-24,CVX,207.24,208.1,204.88,205.65,9334959
2026-09-24,COP,129.595,130.97,128.68,129.34,5341301
2026-09-24,KO,88.82,89.355,88.1,88.1,13107391
2026-09-24,PEP,131.08,131.19,128.115,128.15,9603298
2026-09-24,MCD,239.7,242.55,237.02,237.02,7226648
2026-09-24,NKE,36.0,36.1399,35.52,35.99,38150546
2026-09-24,SBUX,93.96,94.49,92.76,93.65,6763024
2026-09-24,WMT,111.17,111.17,107.51,107.59,24642812
2026-09-24,COST,908.81,909.4276,895.29,896.48,2831452
2026-09-24,PG,147.74,149.18,145.68,145.68,7310866
2026-09-24,BA,198.62,199.49,194.4,196.8,9551165
2026-09-24,CAT,798.87,809.14,794.2,805.25,2116400
2026-09-24,GE,317.54,323.17,315.4801,319.78,3716247
2026-09-24,DIS,104.08,105.745,103.965,105.56,7844238
2026-09-24,T,25.59,25.805,25.36,25.45,34091027
2026-09-24,VZ,46.92,47.765,46.92,47.32,20808577
2026-09-24,TSLA,377.35,383.3324,375.7,377.94,25925858
2026-09-24,SNDK,1785.47,1802.99,1726.39,1753.62,8145414
2026-09-24,BE,256.0,269.34,251.3,266.65,18034647
2026-09-24,LITE,923.83,954.4499,912.0,929.04,3667017
2026-09-24,SMCI,40.435,42.28,39.85,41.51,34371470
2026-09-24,COHR,294.9,300.89,290.2,290.61,4919511
2026-09-24,MU,1049.75,1081.04,1044.0,1080.53,21938990
2026-09-24,WDC,465.735,468.0,449.21,450.31,7119933
2026-09-24,MRVL,254.0,261.98,252.19,258.95,13351419
2026-09-24,TER,382.66,388.54,376.03,387.7,1317439
2026-09-24,DELL,535.97,549.85,530.45,536.02,7927868
2026-09-24,STX,914.66,926.01,898.8,905.92,3061032
2026-09-24,APP,315.5,320.445,308.24,312.47,3944546
2026-09-24,HOOD,119.5,123.5596,119.091,120.82,14733345
2026-09-24,CIEN,350.4,363.4201,346.56,358.43,1398226
2026-09-24,GLW,150.51,156.3575,149.6,154.15,5392577
2026-09-24,COIN,196.74,202.7752,193.69,199.21,7339165
2026-09-24,RDDT,151.5,153.88,150.2,152.72,3233149
2026-09-24,DDOG,249.9,258.39,247.2688,256.92,3246574
2026-09-24,FLEX,109.5,114.1,108.86,112.4,2909289
2026-09-24,P,113.95,131.4,113.51,121.88,11602529
2026-09-25,AAPL,336.04,341.67,334.53,341.07,29649787
2026-09-25,MSFT,499.14,519.4,497.3,516.17,37985485
2026-09-25,GOOGL,342.41,347.03,341.11,343.92,21265244
2026-09-25,AMZN,248.56,250.8775,247.18,249.67,32976800
2026-09-25,META,768.845,769.57,746.5405,751.66,25649562
2026-09-25,NVDA,225.15,226.94,223.1329,225.07,87931936
2026-09-25,AMD,635.068,638.95,625.52,630.63,17516535
2026-09-25,INTC,126.88,126.93,122.84,123.0,96982345
2026-09-25,CRM,237.03,239.37,233.38,234.02,8483000
2026-09-25,ORCL,138.57,140.8776,136.92,137.1,23308696
2026-09-25,JPM,340.765,343.265,338.64,343.06,9864277
2026-09-25,BAC,56.31,56.745,55.865,56.7,28362796
2026-09-25,GS,927.5,935.83,915.3,935.45,1914276
2026-09-25,MS,197.98,197.98,194.25,196.31,4525713
2026-09-25,V,366.02,368.3347,363.79,367.38,4574831
2026-09-25,MA,567.08,568.78,562.29,567.65,2336884
2026-09-25,JNJ,271.7,272.2459,269.2573,271.22,4059419
2026-09-25,PFE,28.45,28.69,28.17,28.67,27181731
2026-09-25,UNH,375.95,379.17,371.27,376.59,4073729
2026-09-25,ABBV,265.49,266.0,262.59,264.34,2524237
2026-09-25,MRK,148.06,149.94,147.484,148.78,8262778
2026-09-25,LLY,1185.3199,1190.0,1160.84,1183.46,1908618
2026-09-25,XOM,160.23,161.79,159.78,160.59,10567388
2026-09-25,CVX,203.805,206.5389,203.4901,204.45,7084401
2026-09-25,COP,127.4,128.56,126.97,127.3,5062237
2026-09-25,KO,88.16,88.3183,87.555,87.81,12068196
2026-09-25,PEP,127.65,128.72,126.9,128.63,6701175
2026-09-25,MCD,236.78,238.0,235.29,236.5,6460792
2026-09-25,NKE,35.25,36.18,35.2159,35.75,38105838
2026-09-25,SBUX,94.1,94.92,93.53,94.86,7260095
2026-09-25,WMT,107.08,108.15,106.45,107.98,18766175
2026-09-25,COST,886.62,925.14,883.1,922.765,4602713
2026-09-25,PG,145.97,146.4,145.33,146.23,5663209
2026-09-25,BA,197.76,201.4,196.8,198.07,5327838
2026-09-25,CAT,816.34,822.9899,809.15,821.58,1928791
2026-09-25,GE,321.9,329.17,319.8,327.09,4265807
2026-09-25,DIS,105.145,106.168,104.49,106.15,7188913
2026-09-25,T,25.39,25.4399,25.2223,25.38,22835599
2026-09-25,VZ,47.225,47.3117,46.9,47.08,13366639
2026-09-25,TSLA,384.899,386.83,367.67,372.11,44753533
2026-09-25,SNDK,1791.8,1815.0002,1742.95,1777.8,7213004
2026-09-25,BE,269.91,292.72,264.014,288.7,17303729
2026-09-25,LITE,936.035,962.8797,913.29,941.65,3844667
2026-09-25,SMCI,42.015,43.7599,41.9,43.26,49126083
2026-09-25,COHR,297.92,301.77,290.3,295.83,4652611
2026-09-25,MU,1095.475,1108.72,1073.0,1082.28,20493572
2026-09-25,WDC,455.49,461.98,447.69,456.81,5867895
2026-09-25,MRVL,263.67,267.4799,257.431,261.935,12330610
2026-09-25,TER,394.85,400.44,388.38,398.38,1589662
2026-09-25,DELL,546.29,573.8,541.2351,562.89,8694381
2026-09-25,STX,924.36,924.36,903.54,916.83,2794321
2026-09-25,APP,312.25,316.0,308.33,310.75,3007024
2026-09-25,HOOD,121.31,121.9,117.53,119.4,13834065
2026-09-25,CIEN,363.0,366.43,355.01,356.91,1616304
2026-09-25,GLW,156.0,157.72,154.28,156.74,5373128
2026-09-25,COIN,199.2971,199.75,192.58,195.11,6245034
2026-09-25,RDDT,152.73,154.72,149.82,149.84,2829063
2026-09-25,DDOG,263.175,280.7,261.0,268.13,5307989
2026-09-25,FLEX,114.43,120.7599,114.3425,114.68,3011446
2026-09-25,P,122.88,128.36,122.3,126.0,6161190
2026-09-28,AAPL,340.37,342.988,338.04,338.4,32463830
2026-09-28,MSFT,505.425,513.33,502.22,509.22,19545869
2026-09-28,GOOGL,340.7,343.59,339.56,342.75,19152264
2026-09-28,AMZN,246.32,247.7699,244.725,246.15,31876881
2026-09-28,META,750.425,750.576,713.19,715.62,27629348
2026-09-28,NVDA,229.7,233.21,228.04,228.86,141276939
2026-09-28,AMD,624.895,629.645,596.07,607.87,21869999
2026-09-28,INTC,120.655,121.71,114.705,116.03,109978476
2026-09-28,CRM,224.97,230.565,221.18,227.27,10252517
2026-09-28,ORCL,132.725,135.69,131.58,132.6,33633014
2026-09-28,JPM,341.83,342.0,336.3,336.59,9769705
2026-09-28,BAC,56.415,56.67,55.365,55.47,28971018
2026-09-28,GS,930.94,931.895,914.5,916.28,1785577
2026-09-28,MS,195.87,195.93,192.985,193.64,4355604
2026-09-28,V,366.7,370.5,366.0604,367.74,6379230
2026-09-28,MA,566.28,569.57,563.5,568.26,3127625
2026-09-28,JNJ,270.17,273.78,269.27,271.95,6947713
2026-09-28,PFE,28.62,28.87,28.39,28.72,24700179
2026-09-28,UNH,376.36,380.98,374.56,377.83,4494798
2026-09-28,ABBV,264.33,267.735,263.38,266.28,4393401
2026-09-28,MRK,147.65,149.17,146.28,148.69,7522568
2026-09-28,LLY,1180.3,1194.09,1172.5601,1184.78,1967311
2026-09-28,XOM,162.8,163.54,161.075,162.52,12798213
2026-09-28,CVX,207.0,208.2443,205.38,206.37,9497551
2026-09-28,COP,129.36,129.36,125.82,126.04,6175472
2026-09-28,KO,87.605,87.6903,86.89,87.18,14475093
2026-09-28,PEP,127.35,128.75,126.721,128.5,7412282
2026-09-28,MCD,235.735,237.48,233.23,233.6,5321935
2026-09-28,NKE,35.46,36.665,35.41,36.39,33792976
2026-09-28,SBUX,94.26,96.195,93.82,95.27,7300804
2026-09-28,WMT,107.9,109.415,107.27,108.73,16778183
2026-09-28,COST,924.875,931.0,913.0,922.92,2405379
2026-09-28,PG,145.86,149.48,145.11,149.03,8796069
2026-09-28,BA,192.615,192.77,184.24,184.39,17850435
2026-09-28,CAT,821.05,827.57,808.24,819.95,2152841
2026-09-28,GE,321.46,323.0004,315.24,318.24,4161611
2026-09-28,DIS,105.12,106.57,104.76,105.59,11826021
2026-09-28,T,25.4,25.4,24.86,24.9,28663369
2026-09-28,VZ,47.04,47.1,46.425,46.68,16631197
2026-09-28,TSLA,368.06,369.43,356.8,357.45,38349282
2026-09-28,SNDK,1735.1437,1762.0,1659.02,1712.89,6615385
2026-09-28,BE,282.51,286.2596,259.46,262.87,15498318
2026-09-28,LITE,947.98,950.97,881.23,921.32,4423473
2026-09-28,SMCI,42.7925,43.06,40.96,41.78,29340799
2026-09-28,COHR,290.08,299.32,275.79,282.45,6792048
2026-09-28,MU,1075.6,1084.8101,1032.0,1053.98,21888708
2026-09-28,WDC,449.25,459.99,432.04,453.23,7201583
2026-09-28,MRVL,259.03,261.7814,248.1415,251.9,16224372
2026-09-28,TER,396.06,401.97,383.5,401.3,2010170
2026-09-28,DELL,551.74,556.785,535.5,543.43,6608759
2026-09-28,STX,912.0,932.87,870.3838,921.51,3379615
2026-09-28,APP,322.738,322.738,306.8801,308.24,4120929
2026-09-28,HOOD,117.95,120.17,116.06,116.46,12800660
2026-09-28,CIEN,352.415,356.985,339.33,344.19,1829975
2026-09-28,GLW,154.26,155.66,149.2601,151.59,7173439
2026-09-28,COIN,196.0,198.7799,191.11,191.79,6658243
2026-09-28,RDDT,149.0,149.29,143.08,143.08,4296105
2026-09-28,DDOG,255.5,272.79,255.5,268.7,3407516
2026-09-28,FLEX,112.495,114.3275,110.28,113.04,2346938
2026-09-28,P,124.6,130.88,124.6,129.4,4594974
2026-09-29,AAPL,337.06,337.06,328.7,329.4,37773928
2026-09-29,MSFT,508.13,513.64,502.4,508.96,20020164
2026-09-29,GOOGL,341.95,342.84,338.02,340.92,20589326
2026-09-29,AMZN,246.945,248.8389,245.14,246.67,31588613
2026-09-29,META,725.335,740.45,715.1,738.79,23034083
2026-09-29,NVDA,230.995,232.82,227.025,227.21,98224511
2026-09-29,AMD,616.96,624.13,605.25,607.57,16325476
2026-09-29,INTC,116.86,118.75,113.97,115.93,86223627
2026-09-29,CRM,227.27,228.95,223.5,225.31,8572914
2026-09-29,ORCL,132.79,143.6699,132.545,137.79,45396386
2026-09-29,JPM,337.0,338.75,333.33,334.98,6022965
2026-09-29,BAC,55.4,55.55,54.7339,54.96,31257371
2026-09-29,GS,918.25,919.62,903.85,916.24,1843276
2026-09-29,MS,193.8,194.35,191.2715,192.76,4669366
2026-09-29,V,366.93,368.26,365.0,365.88,5385198
2026-09-29,MA,564.0,566.9899,561.47,563.58,2352049
2026-09-29,JNJ,269.11,271.894,265.5883,267.57,5573288
2026-09-29,PFE,28.6,28.76,28.26,28.72,32682214
2026-09-29,UNH,374.88,376.59,371.33,374.94,3276363
2026-09-29,ABBV,265.45,268.93,261.5213,263.29,3947023
2026-09-29,MRK,148.17,150.36,146.0879,149.28,7269759
2026-09-29,LLY,1186.05,1192.9399,1168.4709,1184.63,1625807
2026-09-29,XOM,160.215,161.96,159.27,161.35,9149985
2026-09-29,CVX,203.05,205.47,202.7,204.38,5875812
2026-09-29,COP,123.63,126.18,123.46,125.44,7155297
2026-09-29,KO,86.56,87.28,86.56,86.84,12832488
2026-09-29,PEP,126.5,128.94,126.42,128.69,8412059
2026-09-29,MCD,232.2,236.01,232.06,233.98,5212070
2026-09-29,NKE,36.34,36.4276,35.67,35.84,28851944
2026-09-29,SBUX,95.03,95.89,94.3401,95.43,6827364
2026-09-29,WMT,107.47,107.86,105.352,106.8,24685732
2026-09-29,COST,916.8,925.97,912.66,924.59,2407552
2026-09-29,PG,147.95,148.835,146.84,148.32,7211369
2026-09-29,BA,185.3,190.905,185.0,187.68,10215712
2026-09-29,CAT,826.53,829.74,815.5,826.64,2202357
2026-09-29,GE,318.87,324.08,316.58,317.89,3709920
2026-09-29,DIS,105.48,105.84,104.8516,105.41,7131425
2026-09-29,T,24.72,25.03,24.455,24.48,32915518
2026-09-29,VZ,46.555,46.905,45.98,45.98,17846254
2026-09-29,TSLA,358.42,358.74,351.67,352.84,31676972
2026-09-29,SNDK,1744.41,1749.78,1693.0,1729.76,5920963
2026-09-29,BE,272.82,302.354,271.23,291.25,23633242
2026-09-29,LITE,945.0,998.88,934.505,973.49,6022835
2026-09-29,SMCI,42.52,42.69,40.86,41.02,25091240
2026-09-29,COHR,289.925,302.72,285.85,292.21,5448638
2026-09-29,MU,1077.6899,1082.6599,1057.7,1065.08,18673307
2026-09-29,WDC,463.25,465.66,447.03,453.48,6051887
2026-09-29,MRVL,259.0,264.395,256.88,263.27,16268151
2026-09-29,TER,410.62,415.61,399.84,403.02,2189129
2026-09-29,DELL,550.73,551.39,536.58,539.59,5703551
2026-09-29,STX,943.38,944.43,900.1,913.45,2541197
2026-09-29,APP,309.0,313.38,304.84,305.66,3677717
2026-09-29,HOOD,118.83,119.1899,114.93,116.22,14321392
2026-09-29,CIEN,350.155,356.21,344.8,354.92,2220884
2026-09-29,GLW,157.055,161.37,155.62,158.71,7498096
2026-09-29,COIN,197.41,197.63,188.1543,190.02,5791177
2026-09-29,RDDT,144.95,147.53,141.3217,145.36,4941230
2026-09-29,DDOG,267.03,269.44,259.26,268.56,2953446
2026-09-29,FLEX,115.45,115.71,111.53,113.83,2155662
2026-09-29,P,130.26,132.435,127.711,130.05,3977286
2026-09-30,AAPL,330.8,339.5,330.1401,333.02,49875295
2026-09-30,MSFT,510.8,519.8297,510.33,512.9,27014238
2026-09-30,GOOGL,344.215,352.6,341.0,344.08,36642402
2026-09-30,AMZN,246.635,252.44,246.09,249.15,41456321
2026-09-30,META,729.0,738.25,721.3,725.18,19151113
2026-09-30,NVDA,229.0,232.37,228.17,228.38,118683065
2026-09-30,AMD,609.33,615.17,600.1,611.76,16590841
2026-09-30,INTC,116.05,120.55,116.0,120.23,93602906
2026-09-30,CRM,225.4,233.7299,224.4301,229.57,9706861
2026-09-30,ORCL,136.54,138.49,134.75,137.3,22038293
2026-09-30,JPM,334.89,336.34,330.83,330.83,9109409
2026-09-30,BAC,54.92,55.11,54.385,54.43,33015137
2026-09-30,GS,915.0,916.05,900.36,900.36,1764320
2026-09-30,MS,191.99,192.0,188.07,188.08,6905096
2026-09-30,V,364.5,364.5,359.33,359.33,7413145
2026-09-30,MA,562.26,562.26,551.44,551.47,4886142
2026-09-30,JNJ,267.91,268.48,264.51,264.74,6271436
2026-09-30,PFE,28.79,28.945,28.52,28.52,32242159
2026-09-30,UNH,374.93,374.93,365.76,367.08,4782910
2026-09-30,ABBV,264.6,265.1603,261.59,261.59,4311051
2026-09-30,MRK,148.945,149.27,145.26,145.31,10219024
2026-09-30,LLY,1186.49,1214.99,1155.27,1157.08,3397477
2026-09-30,XOM,162.23,164.3699,161.93,162.75,13055667
2026-09-30,CVX,205.09,206.8262,204.21,204.21,6247607
2026-09-30,COP,125.93,126.56,124.95,125.15,6253430
2026-09-30,KO,87.35,87.515,86.07,86.08,15760912
2026-09-30,PEP,129.15,129.98,126.7,126.72,9561321
2026-09-30,MCD,234.23,234.705,230.88,230.94,5457403
2026-09-30,NKE,35.74,35.99,35.155,35.4,37828459
2026-09-30,SBUX,95.55,95.885,93.95,93.96,5700381
2026-09-30,WMT,106.97,107.03,103.92,103.92,27672464
2026-09-30,COST,925.5,925.56,910.31,910.34,2208229
2026-09-30,PG,148.9,149.05,145.28,145.28,8551038
2026-09-30,BA,192.05,192.99,185.265,186.05,11505599
2026-09-30,CAT,828.5,831.9539,810.28,810.79,1958113
2026-09-30,GE,317.89,317.908,312.25,312.29,4183571
2026-09-30,DIS,105.75,106.385,104.9,104.9,11232100
2026-09-30,T,24.54,24.68,24.4,24.4,38784758
2026-09-30,VZ,46.09,46.34,45.725,45.87,19456422
2026-09-30,TSLA,351.791,355.219,345.88,354.81,38511510
2026-09-30,SNDK,1729.235,1755.97,1720.71,1739.89,5885005
2026-09-30,BE,296.06,300.35,276.9,276.98,14799406
2026-09-30,LITE,983.14,1009.45,940.27,971.26,3986211
2026-09-30,SMCI,42.165,42.68,40.47,41.07,31526421
2026-09-30,COHR,294.66,299.5,282.25,287.81,5327284
2026-09-30,MU,1076.33,1083.5,1062.36,1065.11,28568102
2026-09-30,WDC,453.14,463.89,446.24,454.46,6893879
2026-09-30,MRVL,264.5,265.0,256.24,264.21,11736310
2026-09-30,TER,401.55,404.46,393.14,400.91,1522969
2026-09-30,DELL,546.48,553.48,537.67,537.95,4840236
2026-09-30,STX,919.5,928.74,907.03,922.34,3045388
2026-09-30,APP,299.88,303.1699,290.4,290.43,6352688
2026-09-30,HOOD,122.61,123.49,111.95,112.5,34856204
2026-09-30,CIEN,354.92,359.9823,340.56,351.82,2653041
2026-09-30,GLW,158.5,160.47,152.68,153.76,6275314
2026-09-30,COIN,195.484,198.659,184.29,186.41,8331805
2026-09-30,RDDT,147.48,151.8899,142.42,142.44,4876247
2026-09-30,DDOG,270.07,277.5,269.79,273.85,2787589
2026-09-30,FLEX,113.71,114.025,109.61,109.99,3264214
2026-09-30,P,131.14,133.315,129.88,130.78,2912503
2026-10-01,AAPL,330.17,332.4816,325.81,330.32,35017775
2026-10-01,MSFT,519.88,522.85,512.17,512.8,18901325
2026-10-01,GOOGL,350.785,353.22,335.5108,338.24,33110940
2026-10-01,AMZN,251.5,251.83,246.1167,248.23,32645635
2026-10-01,META,728.525,735.88,721.51,725.93,12256112
2026-10-01,NVDA,229.95,232.285,228.16,230.86,97538145
2026-10-01,AMD,611.005,619.28,601.5,615.73,16633581
2026-10-01,INTC,118.46,122.15,117.36,120.0,102280238
2026-10-01,CRM,235.28,239.4499,230.75,236.69,9563732
2026-10-01,ORCL,139.6,140.24,135.33,138.07,23001832
2026-10-01,JPM,328.75,333.58,325.87,333.18,8061036
2026-10-01,BAC,53.91,54.34,52.89,53.73,60012656
2026-10-01,GS,896.09,901.375,881.0,896.67,2538318
2026-10-01,MS,186.06,188.07,182.49,188.01,9459289
2026-10-01,V,358.35,363.239,357.355,359.85,5269567
2026-10-01,MA,551.0,557.165,546.12,550.0,2876158
2026-10-01,JNJ,263.68,263.975,258.3351,258.66,8156115
2026-10-01,PFE,28.445,28.585,28.075,28.12,29869633
2026-10-01,UNH,367.99,371.8599,362.6,365.2,3933201
2026-10-01,ABBV,260.51,262.3158,259.0,259.93,3846203
2026-10-01,MRK,144.71,145.388,143.26,143.81,7853281
2026-10-01,LLY,1155.0,1158.72,1139.9,1149.85,2170988
2026-10-01,XOM,161.5,164.075,160.84,163.82,11699884
2026-10-01,CVX,203.325,207.4,202.915,207.1,5998039
2026-10-01,COP,124.35,127.34,124.23,127.06,5978962
2026-10-01,KO,86.23,86.68,85.725,86.1,16154533
2026-10-01,PEP,126.94,127.31,125.525,125.6,8281937
2026-10-01,MCD,231.54,232.84,229.61,231.83,5858151
2026-10-01,NKE,35.45,36.235,35.02,35.15,95217681
2026-10-01,SBUX,94.04,94.985,93.78,94.88,5099550
2026-10-01,WMT,104.395,105.0937,103.585,104.26,19662489
2026-10-01,COST,911.25,923.5,903.95,914.94,2108200
2026-10-01,PG,144.55,145.0,143.41,143.95,7304861
2026-10-01,BA,186.0,194.51,185.564,192.28,13490917
2026-10-01,CAT,810.58,833.62,802.4401,826.35,2116981
2026-10-01,GE,310.19,315.5,309.602,312.39,3415495
2026-10-01,DIS,104.5,104.605,101.15,101.33,9123978
2026-10-01,T,24.4,24.59,24.28,24.3,25833369
2026-10-01,VZ,45.86,46.195,45.79,45.98,21206009
2026-10-01,TSLA,356.81,359.79,353.8,354.11,30302824
2026-10-01,SNDK,1736.188,1802.0,1708.0,1787.6899,9147297
2026-10-01,BE,284.62,287.15,272.3779,277.58,11419942
2026-10-01,LITE,978.425,1078.04,966.0001,1045.78,7469106
2026-10-01,SMCI,40.89,42.02,40.13,41.92,26394062
2026-10-01,COHR,290.0,323.23,286.4166,319.19,11318428
2026-10-01,MU,1054.34,1098.9,1022.9,1097.39,44760261
2026-10-01,WDC,451.795,463.55,440.05,462.56,6138366
2026-10-01,MRVL,265.46,270.2799,257.58,268.08,17678170
2026-10-01,TER,402.9,419.37,401.24,415.79,1706615
2026-10-01,DELL,541.0,550.285,520.2,541.74,6647277
2026-10-01,STX,910.0,946.35,893.745,945.57,2465676
2026-10-01,APP,291.0,291.345,275.13,281.31,7947302
2026-10-01,HOOD,111.9,113.81,110.66,111.15,18051102
2026-10-01,CIEN,355.19,381.0,350.68,379.14,2561201
2026-10-01,GLW,153.89,160.99,151.15,160.42,7838884
2026-10-01,COIN,186.07,192.3,185.88,189.29,5815637
2026-10-01,RDDT,144.14,150.22,143.03,149.53,4091983
2026-10-01,DDOG,278.75,280.05,271.1301,276.46,2930639
2026-10-01,FLEX,111.41,113.48,108.06,112.78,2095424
2026-10-01,P,132.13,135.68,130.0805,134.13,4234812
2026-10-02,AAPL,333.205,334.54,330.61,333.69,31878433
2026-10-02,MSFT,519.095,522.5,513.66,517.53,17179496
2026-10-02,GOOGL,341.315,345.77,341.16,343.5,22734069
2026-10-02,AMZN,251.28,253.5577,250.0201,251.52,33047205
2026-10-02,META,733.205,741.58,726.2,728.08,12873427
2026-10-02,NVDA,236.055,237.87,233.6,233.95,134470648
2026-10-02,AMD,636.45,645.4599,628.55,633.91,19323673
2026-10-02,INTC,124.17,126.0,118.96,119.33,94956744
2026-10-02,CRM,238.11,238.98,233.17,234.69,7840153
2026-10-02,ORCL,142.09,144.86,140.26,142.3,30193711
2026-10-02,JPM,334.0,334.845,330.0,332.38,6539384
2026-10-02,BAC,53.89,54.0,53.305,53.75,34897453
2026-10-02,GS,905.505,912.99,897.26,902.56,1584186
2026-10-02,MS,188.94,191.53,188.505,190.31,6252383
2026-10-02,V,360.21,361.3555,356.75,360.66,3987848
2026-10-02,MA,551.32,554.645,545.405,552.26,2452978
2026-10-02,JNJ,259.38,259.38,255.12,256.03,10176696
2026-10-02,PFE,28.145,28.145,27.44,27.8,34914894
2026-10-02,UNH,365.14,372.675,364.47,371.9,3292808
2026-10-02,ABBV,259.74,264.06,257.87,262.82,5541012
2026-10-02,MRK,143.77,144.35,142.73,144.3,9159620
2026-10-02,LLY,1153.8199,1164.9155,1136.66,1142.85,2020098
2026-10-02,XOM,161.55,164.61,161.55,164.01,11164224
2026-10-02,CVX,204.8,207.32,204.47,206.69,6642588
2026-10-02,COP,125.01,127.13,125.01,126.75,5196222
2026-10-02,KO,86.3,86.45,85.17,85.65,19281489
2026-10-02,PEP,125.96,126.3,125.16,125.89,6071580
2026-10-02,MCD,232.7,233.0,230.825,231.89,6342621
2026-10-02,NKE,32.553,33.97,31.97,33.87,141948809
2026-10-02,SBUX,95.08,95.29,94.27,94.71,5946911
2026-10-02,WMT,104.92,105.135,103.8101,104.26,22930196
2026-10-02,COST,921.18,921.18,909.78,920.65,2011685
2026-10-02,PG,144.4,145.21,143.81,144.91,6219527
2026-10-02,BA,193.87,196.88,190.27,193.56,12577596
2026-10-02,CAT,840.8,858.87,836.46,845.42,2378887
2026-10-02,GE,316.5,318.2,308.2,309.56,4148627
2026-10-02,DIS,101.5,102.63,101.23,102.19,6526004
2026-10-02,T,24.36,24.495,24.21,24.3,24466804
2026-10-02,VZ,46.05,46.38,45.79,45.92,19585521
2026-10-02,TSLA,360.08,374.6,359.411,370.59,54147498
2026-10-02,SNDK,1773.12,1774.23,1713.47,1719.99,8141704
2026-10-02,BE,284.0,297.59,283.1,289.15,12841695
2026-10-02,LITE,1051.1899,1091.61,1037.2444,1085.42,4663824
2026-10-02,SMCI,42.775,44.585,42.28,43.69,42778087
2026-10-02,COHR,316.565,338.35,315.43,337.04,7497949
2026-10-02,MU,1107.45,1107.865,1072.02,1074.89,26523742
2026-10-02,WDC,423.2,427.71,396.57,415.29,24651005
2026-10-02,MRVL,278.18,280.0,271.587,272.29,14725646
2026-10-02,TER,428.49,451.77,427.03,449.04,3357703
2026-10-02,DELL,554.25,567.9999,548.04,562.52,5366986
2026-10-02,STX,820.87,852.29,791.75,848.99,13521412
2026-10-02,APP,269.45,279.94,266.84,268.22,8862212
2026-10-02,HOOD,113.57,119.37,112.44,112.74,29222290
2026-10-02,CIEN,385.0,395.96,377.03,391.34,2516605
2026-10-02,GLW,164.0,165.14,159.501,164.19,7470307
2026-10-02,COIN,194.402,200.3514,180.81,183.0,12808738
2026-10-02,RDDT,149.775,151.5,144.8,147.86,3105231
2026-10-02,DDOG,280.31,281.99,274.575,277.22,2068099
2026-10-02,FLEX,115.39,117.84,114.0,116.61,1948511
2026-10-02,P,134.75,140.83,134.0001,140.14,4867493
2026-10-05,AAPL,332.795,336.19,331.65,332.89,34328912
2026-10-05,MSFT,521.815,532.35,521.53,525.18,26287910
2026-10-05,GOOGL,342.695,348.09,342.41,346.47,24975488
2026-10-05,AMZN,250.18,254.5262,250.18,251.4,37819808
2026-10-05,META,727.355,746.7,727.12,741.9,14774510
2026-10-05,NVDA,236.07,240.0983,235.15,238.9,126384437
2026-10-05,AMD,630.34,633.5,620.0,631.75,13607612
2026-10-05,INTC,115.575,118.0583,115.31,116.19,80977583
2026-10-05,CRM,234.43,235.0,227.8106,229.79,6362014
2026-10-05,ORCL,142.53,146.65,142.38,142.48,17008043
2026-10-05,JPM,333.31,333.73,330.6,332.38,5328422
2026-10-05,BAC,54.04,54.3395,53.69,54.0,34268492
2026-10-05,GS,901.45,905.243,886.88,893.46,1896103
2026-10-05,MS,190.72,191.115,187.605,190.19,4297606
2026-10-05,V,359.49,370.165,359.05,369.71,4521760
2026-10-05,MA,552.04,565.85,551.15,564.59,2404521
2026-10-05,JNJ,256.0,256.2,252.53,252.93,9041571
2026-10-05,PFE,27.65,27.72,27.12,27.41,32606099
2026-10-05,UNH,372.33,379.13,368.0501,378.58,5590526
2026-10-05,ABBV,261.27,267.34,260.29,265.76,7540753
2026-10-05,MRK,143.67,144.06,138.8,139.54,9476639
2026-10-05,LLY,1150.76,1165.73,1139.495,1143.12,1975581
2026-10-05,XOM,163.76,164.74,161.3932,164.0,12460048
2026-10-05,CVX,206.83,207.23,201.96,206.47,6403501
2026-10-05,COP,127.0,128.85,124.81,128.4,5675833
2026-10-05,KO,85.87,86.57,85.13,86.51,20444719
2026-10-05,PEP,125.825,126.05,124.215,125.65,8820758
2026-10-05,MCD,231.9,233.08,229.2,233.04,5577154
2026-10-05,NKE,33.82,34.12,32.76,33.96,67893335
2026-10-05,SBUX,94.695,95.0,93.55,94.43,8822206
2026-10-05,WMT,103.84,105.1,103.39,105.07,19199115
2026-10-05,COST,918.79,925.335,914.7545,923.52,1949392
2026-10-05,PG,145.0,146.09,144.38,145.94,7032638
2026-10-05,BA,194.6,195.23,191.34,192.72,6383321
2026-10-05,CAT,843.17,857.85,821.93,848.14,2268195
2026-10-05,GE,309.125,309.63,305.36,306.34,5211629
2026-10-05,DIS,101.81,103.72,101.32,103.61,6976055
2026-10-05,T,24.27,24.335,24.01,24.24,34234414
2026-10-05,VZ,45.935,46.02,45.4639,45.85,22507493
2026-10-05,TSLA,368.8,381.59,364.91,378.73,42006295
2026-10-05,SNDK,1723.801,1743.2399,1681.0,1704.16,6461198
2026-10-05,BE,289.99,291.96,282.34,286.65,7474549
2026-10-05,LITE,1092.29,1124.4,1072.0446,1091.67,2999068
2026-10-05,SMCI,43.57,44.049,42.802,43.19,22032582
2026-10-05,COHR,340.925,341.76,326.46,333.64,5407129
2026-10-05,MU,1069.55,1074.88,1055.5601,1063.96,17877625
2026-10-05,WDC,429.935,447.71,429.44,441.64,11266920
2026-10-05,MRVL,276.217,279.48,267.8,271.25,12506520
2026-10-05,TER,447.21,447.71,435.5,444.53,1677831
2026-10-05,DELL,557.01,560.1,546.0,552.29,4171010
2026-10-05,STX,876.0,903.0,875.0,887.09,5584376
2026-10-05,APP,270.51,287.18,270.0,281.97,6817633
2026-10-05,HOOD,114.68,115.48,112.6,114.11,19510937
2026-10-05,CIEN,393.77,397.47,382.5,389.69,2473302
2026-10-05,GLW,164.68,164.84,158.44,159.37,6537179
2026-10-05,COIN,187.14,191.78,184.12,188.22,7795072
2026-10-05,RDDT,150.73,152.85,148.2435,150.42,5197532
2026-10-05,DDOG,277.81,281.8499,275.325,276.415,2347252
2026-10-05,FLEX,116.5,121.48,116.5,116.76,2604240
2026-10-05,P,141.3,144.02,140.26,143.88,4951334
